Date,Expenditure   New South Wales   Copper   Total deposits ,"Expenditure   New South Wales   Silver, lead, zinc   Total deposits ","Expenditure   New South Wales   Nickel, cobalt   Total deposits ",Expenditure   New South Wales   Selected base metals total   Total deposits ,Expenditure   New South Wales   Gold   Total deposits ,Expenditure   New South Wales   Iron ore   Total deposits ,Expenditure   New South Wales   Mineral sands   Total deposits ,Expenditure   New South Wales   Uranium   Total deposits ,Expenditure   New South Wales   Coal   Total deposits ,Expenditure   New South Wales   Diamonds   Total deposits ,Expenditure   New South Wales   Other   Total deposits ,Expenditure   New South Wales   Total (List of Minerals)   Total deposits ,Expenditure   Victoria   Copper   Total deposits ,"Expenditure   Victoria   Silver, lead, zinc   Total deposits ","Expenditure   Victoria   Nickel, cobalt   Total deposits ",Expenditure   Victoria   Selected base metals total   Total deposits ,Expenditure   Victoria   Gold   Total deposits ,Expenditure   Victoria   Iron ore   Total deposits ,Expenditure   Victoria   Mineral sands   Total deposits ,Expenditure   Victoria   Uranium   Total deposits ,Expenditure   Victoria   Coal   Total deposits ,Expenditure   Victoria   Diamonds   Total deposits ,Expenditure   Victoria   Other   Total deposits ,Expenditure   Victoria   Total (List of Minerals)   Total deposits ,Expenditure   Queensland   Copper   Total deposits ,"Expenditure   Queensland   Silver, lead, zinc   Total deposits ","Expenditure   Queensland   Nickel, cobalt   Total deposits ",Expenditure   Queensland   Selected base metals total   Total deposits ,Expenditure   Queensland   Gold   Total deposits ,Expenditure   Queensland   Iron ore   Total deposits ,Expenditure   Queensland   Mineral sands   Total deposits ,Expenditure   Queensland   Uranium   Total deposits ,Expenditure   Queensland   Coal   Total deposits ,Expenditure   Queensland   Diamonds   Total deposits ,Expenditure   Queensland   Other   Total deposits ,Expenditure   Queensland   Total (List of Minerals)   Total deposits ,Expenditure   South Australia   Copper   Total deposits ,"Expenditure   South Australia   Silver, lead, zinc   Total deposits ","Expenditure   South Australia   Nickel, cobalt   Total deposits ",Expenditure   South Australia   Selected base metals total   Total deposits ,Expenditure   South Australia   Gold   Total deposits ,Expenditure   South Australia   Iron ore   Total deposits ,Expenditure   South Australia   Mineral sands   Total deposits ,Expenditure   South Australia   Uranium   Total deposits ,Expenditure   South Australia   Coal   Total deposits ,Expenditure   South Australia   Diamonds   Total deposits ,Expenditure   South Australia   Other   Total deposits ,Expenditure   South Australia   Total (List of Minerals)   Total deposits ,Expenditure   Western Australia   Copper   Total deposits ,"Expenditure   Western Australia   Silver, lead, zinc   Total deposits ","Expenditure   Western Australia   Nickel, cobalt   Total deposits ",Expenditure   Western Australia   Selected base metals total   Total deposits ,Expenditure   Western Australia   Gold   Total deposits ,Expenditure   Western Australia   Iron ore   Total deposits ,Expenditure   Western Australia   Mineral sands   Total deposits ,Expenditure   Western Australia   Uranium   Total deposits ,Expenditure   Western Australia   Coal   Total deposits ,Expenditure   Western Australia   Diamonds   Total deposits ,Expenditure   Western Australia   Other   Total deposits ,Expenditure   Western Australia   Total (List of Minerals)   Total deposits ,Expenditure   Tasmania   Copper   Total deposits ,"Expenditure   Tasmania   Silver, lead, zinc   Total deposits ","Expenditure   Tasmania   Nickel, cobalt   Total deposits ",Expenditure   Tasmania   Selected base metals total   Total deposits ,Expenditure   Tasmania   Gold   Total deposits ,Expenditure   Tasmania   Iron ore   Total deposits ,Expenditure   Tasmania   Mineral sands   Total deposits ,Expenditure   Tasmania   Uranium   Total deposits ,Expenditure   Tasmania   Coal   Total deposits ,Expenditure   Tasmania   Diamonds   Total deposits ,Expenditure   Tasmania   Other   Total deposits ,Expenditure   Tasmania   Total (List of Minerals)   Total deposits ,Expenditure   Northern Territory   Copper   Total deposits ,"Expenditure   Northern Territory   Silver, lead, zinc   Total deposits ","Expenditure   Northern Territory   Nickel, cobalt   Total deposits ",Expenditure   Northern Territory   Selected base metals total   Total deposits ,Expenditure   Northern Territory   Gold   Total deposits ,Expenditure   Northern Territory   Iron ore   Total deposits ,Expenditure   Northern Territory   Mineral sands   Total deposits ,Expenditure   Northern Territory   Uranium   Total deposits ,Expenditure   Northern Territory   Coal   Total deposits ,Expenditure   Northern Territory   Diamonds   Total deposits ,Expenditure   Northern Territory   Other   Total deposits ,Expenditure   Northern Territory   Total (List of Minerals)   Total deposits ,Expenditure   Australia   Copper   Total deposits ,"Expenditure   Australia   Silver, lead, zinc   Total deposits ","Expenditure   Australia   Nickel, cobalt   Total deposits ",Expenditure   Australia   Selected base metals total   Total deposits ,Expenditure   Australia   Gold   Total deposits ,Expenditure   Australia   Iron ore   Total deposits ,Expenditure   Australia   Mineral sands   Total deposits ,Expenditure   Australia   Uranium   Total deposits ,Expenditure   Australia   Coal   Total deposits ,Expenditure   Australia   Diamonds   Total deposits ,Expenditure   Australia   Other   Total deposits ,Expenditure   Australia   Total (List of Minerals)   Total deposits 
01/09/1988,,,,2.9,6.9,0.0,0.4,0.0,1.0,0.1,1.0,12.1,,,,0.1,4.5,0.0,0.3,0.0,0.0,0.0,0.2,5.1,,,,4.8,23.4,0.0,,,4.2,0.5,,35.3,,,,0.9,2.2,0.0,,,0.0,0.8,,4.6,,,,10.0,75.8,2.3,2.1,3.5,1.6,5.9,3.3,104.7,,,,0.8,1.1,0.0,0.0,0.0,0.0,0.0,0.2,2.5,,,,1.1,8.5,0.0,0.0,4.6,0.0,1.7,0.4,17.5,,,,20.6,122.4,2.4,3.8,8.9,6.9,9.1,7.8,181.9
01/12/1988,,,,4.2,7.8,0.0,0.8,0.0,1.3,0.0,0.8,15.7,,,,0.2,4.8,0.0,0.1,0.0,0.0,0.0,0.0,6.6,,,,6.5,22.5,0.0,0.3,0.5,4.2,0.0,0.9,36.0,,,,2.3,1.8,0.0,0.2,0.3,,,,6.5,,,,13.7,75.1,1.5,1.5,3.4,,,,106.3,,,,1.8,1.0,0.0,0.0,0.0,0.0,0.0,0.2,3.0,,,,0.9,13.5,0.0,0.0,5.4,0.0,0.7,0.3,21.1,,,,29.6,126.5,1.6,2.9,10.7,7.5,8.6,7.8,195.1
01/03/1989,,,,3.2,3.5,0.0,0.9,0.0,2.4,0.1,0.6,11.0,,,,0.2,2.2,0.0,,0.0,,,0.7,4.1,,,,9.2,18.0,0.4,0.4,0.3,1.3,,,32.0,,,,0.4,0.9,,0.3,,,0.5,0.2,3.0,,,,6.8,61.2,1.0,1.8,,0.8,4.7,,84.2,,,,1.0,1.5,,0.3,0.0,,0.0,0.4,3.4,,,,0.7,6.7,0.0,,1.9,0.0,0.8,,12.6,,,,23.3,94.3,1.5,3.8,4.1,6.2,6.5,10.7,150.4
01/06/1989,,,,2.6,4.0,0.0,1.4,,2.1,0.0,,11.8,,,,0.2,4.1,0.0,,,,,0.7,5.9,,,,9.4,18.5,0.2,0.6,0.2,2.4,,,36.5,,,,0.6,0.6,,0.4,0.2,,0.2,0.1,2.5,,,,8.9,64.4,1.4,2.8,2.8,1.1,6.4,4.2,92.0,,,,2.0,1.4,,0.3,0.0,,0.0,0.5,4.2,,,,0.9,12.6,0.0,,1.4,0.0,1.7,,17.4,,,,26.8,105.4,1.6,6.0,4.6,8.4,8.4,8.9,170.2
01/09/1989,,,,3.5,2.4,0.0,1.5,0.0,2.2,0.3,1.6,11.3,,,,0.1,4.4,0.0,,0.0,0.0,0.0,,5.2,,,,9.4,17.2,0.1,0.6,0.5,2.5,0.2,1.1,33.1,,,,1.1,0.3,,0.2,0.1,,0.3,0.1,2.3,,,,9.5,53.4,2.1,1.8,1.9,1.0,5.1,3.3,78.9,,,,1.3,1.3,,0.1,0.0,,0.0,0.4,3.2,,,,1.7,9.5,0.0,,3.4,0.0,1.6,,17.0,,,,26.8,88.7,2.2,4.7,5.9,8.5,7.5,6.5,150.8
01/12/1989,,,,3.7,2.4,0.0,1.2,0.0,3.7,,,13.2,,,,0.2,5.3,0.0,0.5,0.0,0.0,0.0,0.3,6.3,,,,10.8,19.2,,0.5,0.6,6.4,,1.0,38.6,,,,1.0,0.4,,0.5,0.5,,0.6,0.2,3.3,,,,8.9,55.3,3.1,1.6,1.6,0.8,6.7,2.8,80.9,,,,1.8,0.6,,,0.0,,0.0,0.8,3.3,,,,1.9,12.5,,,2.7,0.0,1.9,,19.4,,,,28.4,95.9,3.2,4.5,5.4,11.0,9.8,6.9,165.1
01/03/1990,,,,5.1,2.2,,1.6,0.0,3.6,0.6,,14.2,,,,0.2,3.4,0.0,0.6,0.0,,,0.3,4.9,,,,11.9,10.9,,0.6,0.7,4.0,,1.0,29.2,,,,0.9,0.3,,0.2,0.1,,0.4,0.3,2.2,,,,11.1,44.9,2.2,1.9,0.8,0.3,4.2,2.1,67.3,,,,1.6,0.6,,,0.0,,0.0,0.4,2.8,,,,1.3,5.7,0.0,,0.4,0.0,1.2,,8.9,,,,32.2,67.9,2.5,5.1,1.9,8.0,6.4,5.5,129.5
01/06/1990,,,,5.0,3.1,,1.8,0.0,2.6,0.5,,16.4,,,,0.8,3.4,0.0,,0.0,0.0,0.0,,4.5,,,,9.8,12.1,,0.5,,2.6,,0.8,27.6,,,,2.9,0.2,,0.3,,,1.1,0.2,5.3,,,,7.4,59.2,3.3,1.5,2.7,0.2,8.3,4.5,88.3,,,,1.6,0.7,,0.0,0.0,,0.0,0.2,2.5,,,,2.8,9.0,0.0,,2.4,0.0,,,17.4,,,,30.7,88.7,3.4,4.9,5.6,5.9,13.4,9.3,162.1
01/09/1990,,,,3.4,1.9,,1.3,0.0,2.1,0.9,,12.3,,,,0.5,1.4,0.0,0.7,0.0,0.0,,,3.0,,,,11.8,11.8,,0.5,,4.9,,1.6,30.8,,,,1.9,0.2,0.0,,,,0.8,0.1,3.8,,,,13.4,43.8,4.5,1.8,3.1,0.4,10.0,1.1,78.8,,,,1.1,0.4,,0.0,0.0,,0.0,0.1,1.7,,,,3.2,6.8,0.0,,1.3,0.0,2.1,,13.5,,,,35.1,67.0,4.5,4.8,5.0,7.4,13.8,6.2,143.7
01/12/1990,,,,7.5,2.6,,1.9,0.0,2.7,0.7,,18.0,,,,0.7,1.6,,,0.0,,,0.0,2.6,,,,16.5,15.2,,0.5,,2.8,,1.5,38.3,,,,1.8,0.1,0.0,1.0,,0.0,0.6,,4.0,,,,13.3,56.2,2.5,2.0,1.8,0.3,6.6,1.8,84.2,,,,1.9,0.5,,0.0,0.0,,0.0,0.6,3.1,,,,3.7,9.3,0.0,,1.6,0.0,1.8,,16.6,,,,45.6,87.4,2.5,5.6,3.5,6.0,9.7,6.4,166.8
01/03/1991,,,,7.4,2.7,,1.0,,1.8,0.4,1.9,14.2,,,,1.1,1.6,0.0,,0.0,0.0,,,2.7,,,,12.7,8.8,,0.4,,2.5,,1.2,25.9,,,,2.1,0.3,0.0,0.4,0.2,0.0,0.6,0.3,3.6,,,,12.6,45.6,1.7,2.2,1.0,0.3,4.2,0.7,68.0,,,,2.1,0.5,,0.0,,0.0,0.0,0.3,3.2,,,,2.1,4.7,0.0,,0.4,0.0,1.0,,8.8,,,,40.3,63.2,1.7,4.2,1.6,4.6,6.3,4.7,126.6
01/06/1991,,,,5.7,3.1,0.0,1.3,,2.5,,3.4,16.0,,,,1.5,2.3,0.0,0.5,0.0,,0.0,,4.5,,,,14.5,10.6,,0.2,,2.4,,1.1,29.1,,,,1.9,0.5,0.0,,0.4,0.0,0.9,,4.2,,,,18.2,61.2,2.5,2.1,1.6,0.2,5.8,0.9,93.8,,,,0.8,0.7,,0.0,0.0,,0.0,0.3,1.9,,,,3.2,8.8,0.0,,0.5,0.0,2.3,,15.0,,,,45.8,88.2,2.5,4.6,2.7,5.1,9.3,6.4,164.6
01/09/1991,,,,5.0,4.1,0.0,1.4,0.0,2.7,,,14.1,,,,0.4,2.0,0.0,0.1,0.0,0.0,,,2.7,,,,11.4,10.2,,,0.1,2.6,,1.1,26.7,,,,2.4,0.3,0.0,,0.8,,0.8,0.1,4.8,,,,15.6,54.3,7.8,1.5,1.6,,7.0,,87.9,,,,2.0,0.4,,,0.0,,0.0,0.2,2.6,,,,2.1,8.1,0.0,,0.9,0.0,2.1,,14.5,,,,38.9,79.4,8.0,3.3,3.4,5.4,10.3,4.8,153.4
01/12/1991,,,,4.3,5.0,0.0,1.8,0.0,2.1,,,17.8,,,,,1.8,0.0,,0.0,0.0,,0.3,2.5,,,,14.6,10.3,,,,4.0,,1.9,31.5,,,,4.0,0.3,0.0,,,0.0,0.9,0.2,6.6,,,,11.5,53.8,12.3,1.5,1.1,,6.1,,88.1,,,,,0.2,,,0.0,,0.0,0.2,1.9,,,,4.4,7.9,0.0,0.0,1.7,0.0,1.7,0.1,15.7,,,,40.2,79.4,12.4,3.9,4.1,6.3,8.9,9.0,164.2
01/03/1992,,,,5.1,3.6,0.0,0.6,,4.0,,2.0,15.5,,,,,1.9,0.0,,0.0,0.0,,0.4,3.7,,,,7.1,7.4,,,,3.9,,1.9,20.8,,,,1.9,0.1,0.0,0.2,,,0.4,,3.3,,,,7.1,47.5,6.2,2.0,0.6,0.3,4.5,1.0,69.3,,,,,0.2,,,0.0,,0.0,0.4,1.9,,,,2.2,7.0,0.0,,0.7,0.0,0.8,,10.8,,,,25.1,67.8,6.3,3.2,2.1,8.3,6.0,6.5,125.3
01/06/1992,,,,6.8,3.4,0.0,0.8,0.0,2.6,0.3,1.7,15.9,,,,0.3,1.5,0.0,,0.0,0.0,,1.7,3.7,,,,14.3,9.5,,0.4,,4.4,,1.9,31.0,,,,2.6,0.7,0.0,0.1,,0.0,0.6,,4.9,,,,11.5,52.6,10.1,2.0,1.1,,7.4,,87.4,,,,0.9,0.2,,0.0,0.0,,0.0,0.0,1.4,,,,4.1,9.4,0.0,,0.9,0.0,2.1,,16.7,,,,40.7,78.1,10.2,3.5,3.2,7.5,10.5,7.3,161.0
01/09/1992,,,,7.7,3.1,0.0,0.6,0.0,1.6,,,15.4,,,,0.2,1.0,0.0,,0.0,0.0,,1.6,3.0,,,,16.6,8.6,,0.3,,5.1,0.1,2.1,33.0,,,,2.7,1.3,0.0,,,0.0,0.5,,5.5,,,,12.9,52.5,9.4,0.9,1.2,0.2,7.6,1.2,86.5,,,,0.8,0.2,,,0.0,0.0,0.0,0.0,1.1,,,,4.5,8.7,0.0,0.0,0.9,0.0,2.2,0.1,16.4,,,,45.6,75.5,9.5,1.9,3.1,7.1,11.0,7.2,160.9
01/12/1992,,,,12.7,3.7,0.0,0.5,,1.8,0.1,,20.3,,,,1.2,1.9,0.0,,0.0,0.0,,0.3,3.4,,,,16.1,10.8,0.0,0.5,,5.1,,1.8,34.5,,,,4.0,0.2,0.0,,0.6,0.0,,0.9,5.9,,,,17.3,56.3,7.2,1.2,0.9,0.3,7.6,0.9,91.6,,,,1.3,0.3,0.0,0.0,0.0,0.0,0.0,0.3,1.7,,,,3.3,10.7,0.0,,0.7,0.0,1.6,,17.2,,,,55.9,83.8,7.2,2.6,2.5,7.1,9.6,5.9,174.6
01/03/1993,,,,3.8,2.3,0.0,0.3,0.0,1.3,0.1,1.3,9.1,,,,0.6,1.6,0.0,0.2,0.0,0.0,,,2.8,,,,9.1,7.3,0.0,,0.2,2.2,,1.1,20.2,,,,2.8,0.4,0.0,,0.1,0.0,,0.4,3.8,,,,12.2,51.0,2.8,1.8,0.6,0.3,4.4,1.1,74.2,,,,1.8,0.4,0.0,0.0,0.0,0.0,0.0,0.0,2.2,,,,2.2,6.7,0.0,,0.3,0.0,1.1,,10.6,,,,32.5,69.7,2.8,2.7,1.3,3.8,5.8,4.5,123.0
01/06/1993,,,,7.0,3.9,0.0,0.4,0.0,2.9,0.1,1.6,16.1,,,,0.4,2.3,0.0,0.0,0.0,0.0,,,3.0,,,,15.7,9.1,0.0,,,2.6,0.0,1.9,30.2,,,,4.1,0.6,0.0,,0.4,0.0,,0.8,6.1,,,,17.6,61.4,4.3,1.4,,,8.8,0.9,95.8,,,,1.8,0.8,0.0,0.0,0.0,0.0,0.0,0.2,2.8,,,,2.9,12.8,0.0,,0.7,,2.6,,19.3,,,,49.4,91.1,4.5,2.6,1.9,6.2,11.7,5.9,173.3
01/09/1993,,,,6.3,3.7,0.0,0.3,0.0,1.7,0.1,2.2,14.4,,,,0.2,3.0,0.0,0.0,0.0,0.0,,,3.5,,,,16.1,10.4,,,,4.1,0.0,1.8,33.1,,,,3.3,1.3,,,0.1,0.0,,0.7,5.6,,,,18.0,70.1,5.2,1.5,,,12.4,1.1,110.4,,,,1.3,0.3,0.0,0.0,0.0,0.0,0.0,0.0,1.7,,,,2.9,11.2,0.0,,1.2,,3.0,,18.9,,,,48.0,100.1,6.1,2.4,2.6,6.4,15.8,6.1,187.5
01/12/1993,,,,5.9,6.5,,0.3,0.0,2.3,0.2,,18.4,,,,0.7,3.7,0.0,,0.0,0.0,,0.2,4.6,,,,19.8,13.1,,0.4,0.9,4.4,,0.8,39.6,,,,3.8,1.8,0.0,0.0,0.2,,0.3,,6.4,,,,17.4,73.5,8.9,1.6,0.4,,14.6,,119.0,,,,1.4,0.4,,0.0,0.0,,0.0,0.2,2.0,,,,3.7,12.5,0.0,,0.7,0.0,1.7,,18.9,,,,52.7,111.6,9.0,2.4,2.2,7.0,16.7,7.3,208.9
01/03/1994,,,,5.4,6.3,,,0.0,2.1,,1.6,15.8,,,,1.3,4.3,0.0,0.0,0.0,0.0,0.0,0.6,6.3,,,,13.6,10.6,0.0,,,4.5,0.0,0.7,30.2,,,,3.4,3.0,0.0,0.0,0.0,0.0,,,6.9,,,,12.1,76.4,,1.1,,0.2,7.1,1.5,100.9,,,,1.8,0.7,0.0,0.0,0.0,0.0,0.6,0.0,3.4,,,,2.7,7.5,0.0,0.0,0.7,0.0,,,12.1,,,,40.2,108.8,2.5,1.5,1.4,6.8,9.3,5.1,175.6
01/06/1994,,,,7.2,11.0,,,0.0,3.3,0.5,3.2,25.0,,,,0.8,5.0,0.0,0.0,0.0,0.0,,,6.3,,,,17.4,14.0,,0.5,,3.8,0.0,0.9,37.0,,,,3.1,0.9,,0.0,,,,0.6,5.8,,,,15.9,90.2,0.7,1.5,,,12.6,1.9,123.4,,,,2.5,0.2,0.0,,0.0,0.0,0.0,,3.1,,,,3.7,12.1,,0.0,0.6,0.0,3.2,,19.9,,,,50.6,133.4,1.2,2.2,1.4,7.4,16.9,7.4,220.6
01/09/1994,,,,4.5,9.0,,,0.0,3.3,0.5,1.0,18.4,,,,0.5,5.4,0.0,,0.0,,,0.4,6.7,,,,21.7,14.5,,0.5,,7.0,,1.0,45.0,,,,2.1,1.3,,0.0,,,0.4,0.8,4.6,,,,13.0,94.3,2.8,1.3,,0.4,14.0,,127.5,,,,1.9,0.8,,0.0,0.0,0.0,0.0,,2.8,,,,4.3,13.0,,,,0.0,2.0,0.7,21.1,,,,47.8,138.2,2.9,1.9,2.1,10.7,17.0,5.4,226.1
01/12/1994,,,,5.3,9.4,0.0,,0.0,,0.4,1.0,18.3,,,,0.7,4.6,,,0.0,0.0,,1.1,6.5,,,,23.1,19.3,,0.2,,8.3,,2.7,53.7,,,,2.5,1.4,,0.0,0.1,,0.4,0.8,5.1,,,,14.5,97.4,,1.3,,,9.4,1.0,126.4,,,,1.6,0.4,,0.0,,,,0.0,2.9,,,,5.0,11.1,,,,0.0,2.2,0.5,19.3,,,,52.5,143.5,2.5,1.8,1.7,10.6,12.5,7.1,232.2
01/03/1995,,,,6.1,10.3,0.0,,0.0,1.7,0.3,,19.7,,,,0.5,6.6,0.0,,0.0,,,2.1,9.3,,,,15.8,9.6,0.0,,,5.4,,0.9,32.4,,,,2.7,0.9,0.0,0.0,,,0.4,0.5,4.6,,,,17.2,79.5,1.3,1.1,0.8,0.2,5.1,1.0,106.3,,,,3.1,0.3,0.0,0.0,0.0,,,0.1,4.0,,,,3.8,7.0,0.0,,0.5,0.0,2.3,,14.1,,,,49.2,114.2,1.3,1.5,1.8,7.4,8.7,6.3,190.3
01/06/1995,,,,6.1,12.9,,,0.0,1.8,0.7,0.4,22.7,,,,0.5,5.8,,,0.0,,0.1,2.1,8.7,,,,18.5,16.4,,,,7.2,,1.8,44.9,,,,3.1,1.9,0.0,,,,0.4,1.0,6.6,,,,14.1,108.2,4.4,0.4,,0.2,6.7,,135.3,,,,3.7,1.4,,0.0,0.0,0.0,,,5.2,,,,5.5,12.0,,,1.0,0.0,2.4,0.2,21.3,,,,51.5,158.6,5.3,0.5,2.2,9.3,10.3,6.8,244.6
01/09/1995,,,,5.5,10.9,,,0.0,2.6,,0.3,20.5,,,,0.4,5.7,,,0.0,,,1.9,8.2,,,,18.2,13.5,,,,9.7,,1.9,43.8,,,,3.9,0.6,,0.0,,,0.4,0.6,5.6,,,,16.6,90.5,4.6,1.3,,,9.7,1.7,125.0,,,,1.7,0.7,,0.0,0.0,,0.0,0.1,2.5,,,,4.6,10.8,,,1.3,0.0,4.7,0.1,21.6,,,,50.8,132.7,4.9,2.1,2.1,12.7,15.3,6.6,227.1
01/12/1995,,,,6.6,7.8,0.0,,0.0,2.3,,0.3,17.7,,,,0.7,8.3,0.0,0.0,0.0,,,2.3,11.5,,,,16.4,12.3,0.0,,,9.2,0.0,0.9,39.4,,,,3.4,1.5,0.0,0.0,,,0.5,1.1,6.6,,,,17.5,100.0,1.0,1.1,,0.4,7.4,,128.9,,,,2.4,3.2,0.0,0.0,0.0,0.0,0.0,0.0,5.6,,,,3.6,10.6,0.0,0.0,,0.0,3.7,,19.5,,,,50.5,143.7,1.1,1.6,2.3,12.1,11.9,6.1,229.3
01/03/1996,,,,8.2,6.8,0.0,,0.0,2.8,,0.2,19.2,,,,,7.2,0.1,0.0,0.0,0.0,,2.2,10.1,,,,21.1,11.2,0.0,,,7.6,0.0,0.6,40.9,,,,,1.5,0.0,0.0,,,0.2,,5.1,,,,22.6,83.9,3.6,1.5,,,4.9,1.4,118.6,,,,2.6,3.3,0.0,0.0,0.0,0.0,0.0,0.1,6.0,,,,6.6,9.4,0.0,0.0,0.9,0.0,2.1,0.0,19.0,,,,64.7,123.3,3.6,2.0,,10.8,8.4,,219.0
01/06/1996,,,,8.7,9.2,0.1,,0.0,3.5,,0.3,23.0,,,,,8.2,0.0,,0.0,,,3.4,12.8,,,,27.0,14.8,0.0,,,13.2,0.1,0.7,56.9,,,,,2.1,0.0,0.0,,,0.2,0.1,6.8,,,,32.3,93.4,4.5,1.4,,,11.7,3.5,147.0,,,,2.9,1.7,0.0,0.0,0.0,0.0,0.0,0.0,4.7,,,,9.9,18.0,0.0,0.0,,0.0,4.9,,33.7,,,,85.8,147.4,4.5,3.6,,17.1,17.3,,284.9
01/09/1996,,,,7.8,8.2,,,0.0,3.8,,0.4,21.1,,,,0.5,7.0,0.0,,0.0,,,,14.9,,,,13.3,10.9,0.0,,,11.2,0.0,1.4,38.3,,,,2.5,2.4,0.0,0.0,,,0.3,0.1,5.4,,,,23.6,120.2,5.9,1.2,,,8.8,2.6,162.8,,,,2.6,1.6,0.0,0.0,0.0,0.0,0.0,0.0,4.2,,,,2.8,15.2,,0.0,3.2,0.0,6.1,,27.5,,,,53.2,165.5,6.1,3.3,3.8,15.4,15.6,11.2,274.2
01/12/1996,,,,6.5,8.7,0.0,0.2,0.0,4.4,0.4,0.5,20.6,,,,0.3,6.7,,,0.0,,,,14.1,,,,15.5,14.7,,,,11.4,0.0,1.7,45.1,,,,2.4,5.0,0.0,0.0,0.0,,,0.2,8.0,,,,20.3,132.9,3.7,1.8,,0.8,11.5,,173.1,,,,2.8,2.9,0.0,0.0,0.0,0.0,0.0,0.0,5.7,,,,4.2,15.9,0.0,0.0,0.5,0.0,4.1,0.3,25.0,,,,52.1,186.8,3.8,3.7,1.9,16.9,16.4,10.0,291.6
01/03/1997,,,,6.0,10.4,0.0,,0.0,4.7,,0.3,22.0,,,,0.2,7.5,0.0,,0.0,,,1.2,9.6,,,,11.1,8.2,,,,10.5,,0.8,31.6,,,,1.8,4.4,,0.0,,,0.2,0.2,7.2,,,,17.3,108.3,6.6,2.3,0.4,,7.5,,144.2,,,,3.1,2.9,0.0,0.0,0.0,,0.0,,6.0,,,,2.4,8.4,0.0,0.0,0.7,0.0,3.3,0.1,14.8,,,,41.8,150.1,6.6,3.4,2.2,15.7,11.7,4.1,235.6
01/06/1997,,,,9.3,12.8,0.0,,0.0,6.6,,0.6,30.4,,,,,10.0,0.0,,0.0,,,,13.2,,,,12.0,15.9,0.0,,,14.7,,1.6,45.7,,,,1.9,10.9,,0.0,,0.0,0.6,0.4,14.5,,,,28.0,156.2,9.3,2.6,,,10.8,2.8,211.6,,,,,6.5,0.0,,0.0,,0.0,0.1,10.1,,,,3.5,13.6,,0.0,1.5,0.0,3.0,,21.6,,,,59.7,225.9,9.3,3.5,5.1,22.5,15.6,5.6,347.2
01/09/1997,,,,6.2,9.5,0.0,,0.0,6.8,,0.4,23.3,,,,,,0.0,,0.0,,,0.0,9.5,,,,15.1,13.0,0.0,,,11.6,,1.0,41.9,,,,1.5,8.5,0.0,0.0,,0.0,0.5,,12.5,,,,28.1,138.2,4.0,2.5,0.4,,8.3,,182.7,,,,,,0.0,0.0,0.0,0.0,0.0,0.0,9.7,,,,3.5,12.9,0.0,0.0,,0.0,2.5,,22.1,,,,57.6,196.7,4.0,3.2,4.9,19.1,12.4,3.8,301.8
01/12/1997,,,,6.0,9.2,0.0,,0.0,9.5,,0.8,26.1,,,,,,,,,,,0.0,13.4,,,,13.4,15.1,0.0,,1.3,9.9,,1.7,41.7,,,,,6.5,,0.0,,0.0,0.5,0.5,11.4,,,,31.4,109.6,6.3,,1.4,,9.5,1.8,162.3,,,,2.9,,0.0,0.0,0.0,0.0,0.0,,3.8,,,,4.6,13.7,0.0,0.0,2.3,0.0,,,23.4,,,,62.7,163.9,6.3,2.9,6.2,21.3,13.1,5.6,282.0
01/03/1998,,,,5.2,8.1,0.0,0.3,0.0,6.2,,,20.8,,,,,8.9,0.0,,0.0,,0.0,0.1,10.6,,,,7.1,7.4,0.0,,0.8,5.2,,0.6,21.5,,,,3.2,3.4,0.0,0.0,2.1,0.0,0.2,0.2,9.2,,,,24.7,100.0,7.1,2.7,0.6,0.3,6.0,0.6,142.0,,,,,0.9,0.0,0.0,0.0,,0.0,,3.7,,,,2.8,7.3,0.0,0.0,1.5,0.0,0.9,0.0,12.6,,,,45.9,136.1,7.1,3.5,5.1,12.5,7.4,2.9,220.4
01/06/1998,,,,6.1,5.0,,0.6,,5.8,0.1,0.3,18.0,,,,,8.4,,,,,,0.2,9.6,,,,10.9,9.4,,,,5.9,,1.2,28.2,,,,4.9,5.1,,,1.5,,0.2,,12.0,,,,32.9,111.5,12.4,3.6,,,7.6,3.0,173.4,,,,,1.2,,,,,,,3.5,,,,3.3,11.1,,,,,,0.0,17.8,,,,60.9,151.7,12.6,4.5,6.0,11.9,9.9,5.2,262.6
01/09/1998,,,,4.1,4.6,,,,4.3,,,14.2,,,,,5.9,,0.4,,,,0.2,9.0,,,,6.1,9.7,,,,5.1,,1.2,22.2,,,,5.3,5.2,,,1.7,,,0.2,12.6,,,,30.3,96.1,12.1,2.5,1.5,,10.4,,154.1,,,,1.5,0.8,,,,,,0.1,2.4,,,,,11.9,,,4.0,,,0.1,21.2,,,,52.0,134.3,12.6,3.6,7.4,9.6,13.1,3.2,235.9
01/12/1998,,,,5.5,6.5,0.0,1.0,0.0,4.8,0.0,0.7,18.4,,,,,6.7,,1.8,0.0,0.0,,0.1,11.0,,,,7.9,10.1,0.0,0.0,,4.7,0.0,,25.0,,,,4.0,4.1,,0.0,0.2,0.0,,0.6,8.9,,,,24.2,102.0,13.3,2.9,,0.0,12.4,,157.3,,,,,1.0,0.0,0.0,0.0,0.0,0.0,,3.0,,,,1.8,9.4,0.0,0.0,,0.0,2.5,,16.0,,,,46.4,139.8,13.7,5.8,3.6,9.4,15.3,5.8,239.6
01/03/1999,,,,4.6,6.8,,,,3.0,,,15.6,,,,0.4,7.9,,,,,0.1,0.0,10.3,,,,4.9,7.3,,,,6.6,,1.1,20.2,,,,3.4,3.4,,0.1,0.2,,0.1,,7.6,,,,20.9,68.2,7.1,1.7,,,2.7,1.3,102.3,,,,1.7,0.5,,,,,,,3.8,,,,0.7,5.3,,,0.8,,,,7.6,,,,36.5,99.4,7.2,4.6,1.4,9.8,3.6,4.9,167.3
01/06/1999,,,,4.6,5.2,,,,4.9,,0.2,17.4,,,,,5.7,,0.7,,,,0.0,6.7,,,,10.3,9.4,,,,6.0,,0.4,26.4,,,,6.0,4.4,,,0.5,,0.1,1.7,12.8,,,,15.5,75.4,8.1,1.6,0.6,,7.4,,109.4,,,,1.1,0.6,,,,,,,2.6,,,,,11.9,,,1.9,,1.4,0.2,19.6,,,,42.0,112.7,8.1,5.0,3.1,11.1,9.0,4.1,195.0
01/09/1999,,3.3,,5.9,3.6,0.0,0.7,0.0,4.2,0.0,0.2,14.6,,0.0,0.0,,6.8,0.0,1.1,0.0,,0.0,0.0,8.2,3.1,4.7,0.2,8.0,6.7,0.0,,,5.2,0.0,0.4,21.0,,,0.0,2.1,3.2,0.0,,,0.0,0.1,0.5,6.5,1.2,6.3,8.6,16.1,67.9,8.8,1.9,0.5,0.0,10.6,2.1,107.9,0.0,,,0.9,0.5,0.0,0.0,0.0,,0.0,,2.7,,,0.0,,12.9,0.0,0.0,3.8,0.0,1.3,,19.2,6.5,16.1,11.1,33.7,101.5,8.8,4.5,4.8,9.5,12.2,5.1,180.1
01/12/1999,,1.5,,,3.5,,1.3,,4.3,,0.5,14.8,,,,,5.8,,0.7,,,,0.0,8.1,4.8,,,7.2,7.1,,,,4.8,,0.4,21.3,,1.5,,2.4,3.4,,,,,,0.1,6.7,1.6,6.9,18.0,26.5,61.3,,1.9,,,7.4,,108.8,0.0,,,1.2,0.5,,,,,,,2.3,,,,,10.0,,,2.1,,1.6,,14.8,8.3,14.7,22.0,45.0,91.6,,4.8,3.7,9.2,9.2,,176.9
01/03/2000,,1.6,,4.4,3.0,0.0,0.6,0.0,3.4,0.0,0.7,12.1,,0.0,,,5.7,0.0,1.1,0.0,0.0,0.0,,7.5,2.8,,,5.4,7.0,0.0,,0.0,4.2,0.0,,17.1,0.6,,,1.1,1.7,0.0,,0.1,,0.0,0.1,3.8,1.5,4.7,18.6,24.8,47.2,5.0,2.1,,,2.8,2.8,85.0,0.0,,,,1.0,0.0,0.0,0.0,0.0,0.0,,2.4,,,,0.7,6.3,0.0,0.0,1.1,0.0,0.7,0.0,8.8,6.5,10.0,21.6,38.2,71.9,5.0,4.6,,7.9,3.5,,136.7
01/06/2000,0.6,2.2,1.8,4.6,4.2,0.0,2.0,0.0,2.9,,,14.6,,0.0,0.0,,7.6,0.0,1.9,0.0,0.0,0.0,,10.0,4.1,4.7,0.3,9.1,7.5,0.0,0.0,,5.9,,0.3,23.1,,1.4,,2.3,2.6,,,0.1,0.0,0.0,0.0,5.6,0.7,4.8,15.5,20.9,76.6,,,,0.0,4.0,1.6,113.3,0.0,,,,0.3,0.0,0.0,0.0,0.0,0.0,,1.3,,,,1.8,10.8,0.0,0.0,,0.0,,0.0,14.7,7.0,14.6,18.4,40.0,109.8,,7.6,,8.7,4.9,3.1,182.7
01/09/2000,1.0,1.4,1.6,3.9,4.0,0.0,1.9,0.0,,,0.8,13.6,0.0,0.0,0.0,0.0,7.7,0.0,0.9,0.0,0.0,0.0,0.0,8.6,3.9,5.1,0.4,9.5,5.7,0.0,0.0,0.0,6.2,0.0,0.4,21.8,,,0.0,,2.0,0.0,,0.1,0.0,,0.2,5.5,0.4,5.5,14.3,20.2,64.4,7.2,,,,9.2,1.5,104.4,0.0,,,,0.7,0.0,0.0,0.0,0.0,0.0,,1.7,,,,2.0,8.1,0.0,0.0,,0.0,,,14.2,6.9,14.9,17.1,38.9,92.5,7.2,4.9,,9.2,11.3,,169.8
01/12/2000,,1.7,,5.8,3.4,0.0,2.6,0.0,2.8,0.1,1.1,15.8,0.0,0.0,0.0,0.0,6.0,0.0,1.3,0.0,0.0,0.0,0.0,7.3,3.6,4.4,0.4,8.4,5.8,0.0,,,6.4,0.0,0.6,21.4,,,0.0,4.0,1.6,,,0.6,0.0,0.0,0.3,6.8,0.7,6.2,18.5,25.4,71.6,7.3,1.8,0.0,0.1,8.2,3.5,118.0,0.0,,,2.0,0.4,,0.0,0.0,0.0,0.0,,2.6,1.3,,,2.5,8.9,0.0,0.0,,0.0,1.3,,15.3,7.7,16.3,24.1,48.2,97.5,7.4,6.1,2.9,9.3,9.7,6.0,187.2
01/03/2001,0.8,2.4,1.1,4.3,4.3,0.0,1.4,0.0,2.2,0.0,0.3,12.7,,,0.0,,6.2,0.0,1.5,0.0,0.0,0.0,,8.4,2.5,,,7.7,4.9,0.0,,0.0,3.9,0.0,,17.1,1.0,1.0,0.0,2.0,1.1,0.0,,,,0.0,0.1,4.9,0.6,3.7,12.3,16.6,62.2,3.4,2.0,0.0,,,2.8,90.8,0.0,,,,0.4,0.0,0.0,0.0,0.0,0.0,,2.5,,,0.0,0.8,4.2,0.0,0.0,,0.0,,0.4,7.2,5.8,13.1,14.7,33.6,83.3,3.4,5.8,1.1,7.6,4.1,4.6,143.5
01/06/2001,0.9,2.6,0.6,4.1,4.6,0.0,2.4,0.0,3.3,0.0,0.6,15.1,,,0.0,,5.7,0.0,1.3,0.0,0.0,,0.2,8.4,6.2,,,10.6,4.6,0.0,,0.0,6.9,0.0,,22.8,2.8,,,4.7,,0.0,,,,0.0,0.1,12.4,1.0,3.9,15.4,20.3,73.7,5.3,2.0,0.0,,5.6,,110.9,0.0,,,,,0.0,0.0,0.0,0.0,0.0,0.6,2.3,,,,2.6,5.5,0.0,0.0,,0.0,,0.6,10.9,12.3,15.5,16.9,44.7,96.8,5.4,6.8,,15.1,6.7,,182.8
01/09/2001,0.5,0.7,0.6,1.8,4.6,0.0,2.8,0.0,3.0,0.0,0.3,12.5,,,0.0,,4.7,0.0,1.7,0.0,0.0,0.0,,7.2,4.6,3.0,0.2,7.8,4.3,0.0,,0.0,8.7,0.0,,21.6,2.5,,,5.2,,0.0,,0.3,,0.0,0.0,6.9,1.4,3.4,13.3,18.1,64.8,4.4,2.0,0.0,,,5.9,103.3,0.0,,,,,0.0,0.0,0.0,0.0,0.0,0.0,0.9,,1.2,,2.5,7.1,0.0,0.0,2.7,0.0,,,15.0,10.0,11.4,14.9,36.3,86.4,4.4,7.8,3.0,11.9,9.4,8.2,167.4
01/12/2001,0.6,0.5,,,3.4,0.0,3.1,0.0,4.4,0.0,,12.6,,,0.0,,4.4,0.0,2.4,0.0,0.0,0.0,,7.1,4.6,,,8.6,6.4,0.0,,0.0,9.2,0.0,,25.0,,1.3,,4.5,1.5,0.0,,,,0.0,0.1,8.0,1.4,2.6,14.7,18.8,60.4,6.9,,0.0,,9.8,6.0,103.5,0.0,,,0.5,0.7,0.0,0.0,0.0,0.0,0.0,0.0,1.2,1.0,,,2.2,7.4,0.0,,,0.0,0.8,0.7,13.3,10.3,9.3,16.7,36.3,84.2,6.9,8.7,2.1,14.4,10.7,7.3,170.7
01/03/2002,0.6,0.7,0.5,1.8,3.9,0.0,1.6,0.0,,0.0,,10.5,0.0,0.0,,,6.6,0.0,,0.0,0.0,0.0,,8.4,2.9,2.2,0.0,5.1,4.8,0.0,,0.0,6.7,0.0,,17.3,,0.9,,4.9,0.8,0.0,,,,,0.0,7.3,0.6,2.1,8.5,11.2,53.5,7.4,2.4,0.0,0.0,4.3,3.7,82.5,,,,0.5,0.4,0.0,0.0,0.0,0.0,0.0,0.0,1.0,0.3,,0.4,,4.0,0.0,,,0.0,,0.2,7.2,8.1,6.7,9.8,24.6,73.9,7.4,7.0,0.9,10.2,5.7,4.6,134.2
01/06/2002,0.8,0.8,0.1,1.7,3.9,0.0,,0.0,3.6,0.0,,12.6,,,0.0,,8.5,,2.0,0.0,0.0,,,11.2,6.4,5.8,,,6.3,0.0,,,9.5,,0.2,28.7,4.7,0.6,,,1.4,,,0.6,,0.4,,9.9,1.1,2.3,10.6,14.0,59.4,6.5,2.3,,,7.1,1.9,91.8,,,,0.5,0.5,0.0,0.0,0.0,0.0,0.0,0.0,0.9,0.1,0.3,,,6.8,0.0,,,0.0,1.9,,13.0,13.1,10.3,12.3,35.6,86.8,6.5,9.7,2.7,13.9,9.6,3.4,168.3
01/09/2002,0.7,1.3,,,4.1,0.0,3.3,0.0,4.1,,0.8,15.4,,,0.0,,8.8,0.0,,0.0,0.0,,,10.7,5.2,,,7.6,4.8,0.0,,,9.5,,0.5,23.2,4.1,,,5.2,2.1,,,,,,,9.7,0.6,2.9,12.5,16.0,70.1,,1.9,,,7.3,4.2,110.1,0.0,,,,0.3,0.0,0.0,0.0,0.0,0.0,,1.1,0.5,1.0,0.9,2.3,5.0,0.0,,,0.0,2.3,,12.8,11.1,8.8,14.7,34.5,95.2,9.0,8.3,2.5,16.0,10.4,7.0,182.9
01/12/2002,,1.8,,,4.5,0.0,1.9,0.0,4.0,,0.6,13.7,,,0.0,,7.7,0.0,0.4,0.0,0.0,0.0,,8.9,4.9,1.8,,,6.5,0.0,,,16.9,0.2,,31.9,3.1,1.2,,,2.8,,,,,,,10.0,1.1,4.4,13.8,19.2,69.8,,1.8,,,3.9,2.6,111.1,,,,0.7,0.3,0.0,0.0,0.0,0.0,0.0,0.0,1.0,,,2.2,3.2,7.7,0.0,,,0.0,2.1,1.2,16.2,10.1,10.3,17.9,38.3,99.3,14.1,5.7,2.0,21.1,6.9,5.4,192.8
01/03/2003,,2.2,,,5.3,0.0,1.7,0.0,2.9,,0.3,13.2,,,0.0,,10.4,0.0,0.4,0.0,,,0.7,12.1,4.6,1.0,0.1,5.6,5.8,0.0,,,10.3,,0.7,23.5,2.3,0.6,0.6,3.6,1.2,0.0,,0.2,,0.4,0.1,6.0,1.0,2.2,10.1,13.3,58.5,11.2,1.8,,,2.8,3.0,90.8,,0.5,,0.9,0.3,0.0,0.0,0.0,0.0,0.0,0.0,1.2,0.0,0.2,0.9,1.2,3.1,,,,0.0,1.1,0.6,6.6,8.6,6.7,12.3,27.6,84.6,11.2,5.3,0.7,14.0,4.6,5.5,153.4
01/06/2003,,2.2,,2.5,6.0,0.0,,0.0,4.5,,0.5,16.5,,0.0,,0.0,,,,0.0,,,,14.5,,2.4,,7.0,7.2,0.0,,,18.6,,,35.7,4.0,,,5.4,2.2,0.0,,,,,0.1,11.0,,,17.7,24.0,67.2,,,,,3.8,3.1,111.6,0.0,,,0.6,0.4,0.0,0.0,0.0,0.0,0.0,0.1,1.0,,,,,,,,,0.0,,0.7,13.4,10.0,10.9,21.0,41.9,99.3,10.2,8.0,1.7,26.7,8.0,7.9,203.7
01/09/2003,0.2,0.7,0.1,0.9,4.4,0.0,1.2,0.0,,,,10.4,,0.0,0.0,,9.3,0.0,1.5,0.0,,,0.3,12.9,3.4,1.7,0.3,5.5,5.8,,,,14.2,0.0,0.4,26.0,2.8,,,3.3,3.4,0.0,0.8,,,0.3,0.1,9.3,0.3,2.6,12.9,15.7,68.0,,3.0,0.0,,4.9,3.6,108.5,,,,,0.2,0.0,0.0,0.0,0.0,0.0,,1.2,0.0,0.3,0.3,0.7,5.6,,,2.1,0.0,1.8,0.6,11.2,7.0,5.8,14.4,27.1,96.7,13.1,6.9,3.5,19.9,7.1,5.4,179.7
01/12/2003,1.4,,,2.5,5.5,0.0,,0.0,,,,14.8,,0.0,0.0,,7.6,0.0,,0.0,,,,10.6,3.1,,,5.4,6.5,0.0,,,16.8,,2.3,31.2,2.6,0.4,1.8,4.8,1.9,,,,,,0.1,9.6,,,20.0,23.3,66.4,,2.4,,,5.8,5.9,122.0,0.0,,,,0.6,,0.0,0.0,0.0,0.0,0.0,1.0,,,0.5,1.6,4.7,0.0,,,0.0,1.1,,10.3,8.9,6.3,22.8,38.0,93.1,17.6,6.1,3.0,24.1,7.9,9.7,199.5
01/03/2004,1.2,1.2,0.0,2.4,4.8,0.0,,0.0,2.1,,0.5,10.6,,0.0,0.0,,15.2,0.0,,0.0,,,,17.4,3.1,2.9,0.1,6.1,5.6,0.0,,,10.3,0.0,,26.0,2.7,0.6,0.5,3.8,1.5,0.0,,0.8,,0.4,0.2,7.1,0.7,0.7,14.3,15.8,59.3,,1.6,,,2.7,3.2,96.5,,,,,0.7,,0.0,0.0,0.0,0.0,0.1,1.7,,,,1.0,4.1,0.0,,,,1.8,0.4,7.9,8.2,6.2,15.5,29.9,91.2,13.8,3.6,1.3,13.7,5.0,8.8,167.3
01/06/2004,1.5,1.9,0.1,3.5,5.8,0.0,,0.0,3.1,,0.7,14.7,0.0,,,,10.0,0.0,,0.0,,,,12.6,5.3,,,12.6,8.1,0.0,,,19.3,,2.0,42.0,5.7,,,10.1,2.5,,,1.8,,0.4,,15.7,1.2,0.6,23.4,25.2,83.0,19.1,3.6,,,3.5,4.1,138.8,,,,,1.0,0.0,0.0,0.0,0.0,0.0,,3.6,,0.1,,3.0,5.7,,,,,1.8,1.1,13.1,13.8,11.5,31.5,56.8,116.1,19.2,7.2,2.8,23.8,5.9,8.6,240.2
01/09/2004,2.0,1.0,0.1,3.1,7.6,0.0,,,5.5,,0.3,17.2,0.0,0.0,,,11.1,0.0,,0.0,,0.0,,14.5,4.9,,,9.7,8.7,,,0.0,20.7,0.1,1.7,40.9,7.9,0.9,0.3,9.0,,,,3.4,,,0.2,15.5,,,28.7,30.0,73.9,29.6,,,0.4,4.6,4.9,147.9,,,,,,0.0,,0.0,0.0,0.0,0.1,1.3,0.1,0.2,1.1,1.4,6.8,,,,0.0,1.6,,13.8,15.5,7.8,30.8,54.1,109.9,29.8,8.0,6.1,27.4,6.9,8.8,251.1
01/12/2004,2.1,1.4,0.1,3.6,6.3,0.0,,,6.0,,,17.2,,0.0,,,6.1,,,0.0,,,,7.9,5.7,,,10.1,8.1,,,,24.8,,1.8,45.2,8.3,,,9.3,,0.0,,,,,0.1,17.2,1.9,0.6,38.0,40.5,67.5,35.0,,0.1,,5.3,5.0,156.7,0.0,,,,,,0.0,0.0,0.0,0.0,0.4,1.6,,0.4,1.6,,5.4,,,,0.0,1.5,3.9,14.9,18.3,7.9,40.4,66.5,96.8,35.1,5.9,4.6,32.0,7.6,12.2,260.8
01/03/2005,1.8,1.8,0.1,3.8,4.7,0.0,,0.0,7.8,,0.6,18.0,0.0,0.0,0.0,0.0,9.7,0.0,,0.0,,,,13.8,5.7,1.9,0.2,7.7,6.1,,0.0,,18.3,0.0,1.1,33.4,6.9,,,7.6,,,,2.5,,,0.1,14.0,,,40.9,43.4,54.1,27.3,3.6,,,2.2,3.3,134.4,,,,1.6,,,0.0,0.0,0.0,0.0,,2.5,0.0,0.1,1.2,1.3,4.3,,0.5,,,0.9,1.9,9.6,15.2,7.0,43.3,65.4,81.9,27.3,6.7,3.2,29.8,3.6,7.8,225.8
01/06/2005,2.5,1.4,0.1,3.9,6.2,0.0,,,8.9,,1.2,21.2,0.0,,,,10.3,,,0.0,,,0.5,15.3,8.6,2.5,0.8,11.9,9.4,,,,24.2,,1.3,46.9,9.6,,,11.1,,,,4.4,,0.3,0.1,20.1,1.4,1.8,41.1,44.3,64.1,45.1,3.6,0.1,0.3,3.8,5.6,167.0,0.0,1.5,,,,,0.0,0.0,0.0,0.0,0.2,2.9,0.3,0.3,1.2,1.8,10.2,,,2.2,0.0,1.2,0.8,17.3,22.4,8.6,44.1,75.1,103.1,45.7,7.0,6.8,37.6,5.6,9.8,290.7
01/09/2005,1.8,,,3.2,5.7,0.0,,0.0,11.8,,0.6,22.7,,0.0,0.0,,11.7,0.0,,0.0,,,,15.7,11.7,7.3,0.3,19.3,8.1,0.0,,,17.3,,0.7,45.9,12.4,1.1,1.8,15.3,2.5,,,5.3,,,,25.8,2.3,1.7,36.5,40.5,62.0,35.9,3.1,0.2,0.2,4.0,8.4,154.4,,,,2.8,0.5,0.0,0.0,,0.0,0.0,,3.6,,,0.5,,9.5,,,,0.0,1.8,1.8,24.1,31.5,13.1,40.0,84.5,100.0,36.3,8.1,11.9,32.2,6.3,12.7,292.0
01/12/2005,5.6,,,7.1,5.3,0.0,,0.0,15.2,,0.6,29.4,,0.0,0.0,,13.5,0.0,,0.0,3.7,,,20.7,9.9,,,20.8,9.2,0.0,,,26.7,0.0,0.9,58.7,17.1,1.8,2.4,21.3,5.7,0.2,,9.0,,0.2,,39.5,2.2,4.4,33.7,40.3,61.1,41.4,3.6,,,4.6,6.5,158.0,,,,2.8,0.8,,,0.0,,0.0,,3.7,1.6,0.7,,,3.6,,0.8,,0.0,2.4,,17.6,36.7,17.8,40.7,95.2,99.1,42.9,8.3,15.8,46.0,7.3,12.9,327.6
01/03/2006,7.3,,,9.2,4.7,0.0,,,13.8,,1.2,29.8,,,,,13.5,0.0,,0.0,2.1,,,17.8,5.4,5.9,3.2,14.5,7.8,,0.0,,23.6,0.0,1.4,49.0,8.9,2.4,0.7,12.0,5.6,,,5.5,,0.3,,24.7,2.0,2.1,19.7,23.7,53.7,31.0,2.9,,0.5,,6.8,121.5,,2.5,,5.6,1.1,0.0,0.0,0.0,,0.0,,8.4,0.2,,,,3.7,,,2.8,,1.4,0.7,12.6,24.6,14.8,29.3,68.7,90.0,32.4,5.6,10.1,41.5,4.4,11.2,263.7
01/06/2006,4.8,,,7.6,6.6,0.0,,,15.3,,1.1,32.2,,,,,15.0,0.0,,0.0,,,,20.0,10.8,,,25.7,8.7,,0.0,,26.5,,1.6,65.2,27.6,3.7,0.7,32.1,8.6,,,10.5,,,,56.5,2.9,5.8,25.0,33.7,63.5,47.4,3.2,,,2.5,4.3,156.3,,2.6,,3.7,2.6,,,0.0,,0.0,,6.9,,,,,5.6,,0.9,4.8,0.0,1.2,1.8,20.5,46.7,25.5,36.0,108.2,110.5,49.7,7.2,18.3,46.7,4.6,12.3,357.4
01/09/2006,6.7,,,9.5,4.5,0.0,,0.0,18.3,,1.1,35.3,,,,0.0,13.3,0.0,0.3,0.0,,,,22.3,15.4,,,28.5,8.1,,,1.9,24.0,0.0,1.2,64.2,23.3,2.7,0.2,26.2,6.0,,1.6,14.2,,,,51.1,4.5,8.7,31.3,44.5,64.7,66.4,3.8,1.7,,4.7,,190.2,,2.6,,5.3,1.0,,,0.0,0.0,0.0,0.3,6.6,,,,4.7,6.8,,,7.0,0.0,2.1,2.2,25.0,52.7,26.3,39.8,118.8,104.3,70.1,7.7,24.7,50.5,8.6,9.9,394.6
01/12/2006,5.7,5.3,0.5,11.5,6.1,0.0,,0.0,20.8,,,43.0,,,,,18.2,0.0,,0.0,1.9,,,22.1,16.8,5.9,1.4,24.1,9.6,,,,36.5,,1.1,73.7,23.4,8.7,1.1,33.2,6.3,,,15.0,,,,59.1,4.8,8.8,37.1,50.7,77.8,71.0,4.2,,,6.7,4.9,217.3,0.6,,,,0.7,,,0.0,0.0,0.0,,5.9,,2.8,,5.8,6.3,,0.4,8.9,,3.0,2.6,27.3,53.5,34.1,42.8,130.4,125.0,72.5,10.8,27.6,60.0,10.2,11.9,448.2
01/03/2007,5.7,5.8,0.9,12.4,5.3,0.0,,0.0,11.6,,,32.3,,,,0.1,14.0,0.0,,0.0,1.8,,,16.9,11.1,,,16.9,8.2,,,3.5,23.8,,1.3,54.4,27.3,10.3,0.2,37.8,8.7,,,12.2,,,,66.5,4.7,9.5,37.4,51.6,63.7,49.6,4.2,2.9,,,6.1,179.9,,,,2.5,,,,0.0,,0.0,,3.0,1.8,1.8,0.5,4.1,,,0.5,5.7,,1.8,0.4,16.4,51.2,33.5,40.6,125.3,103.6,54.0,9.5,24.3,38.8,3.3,10.6,369.3
01/06/2007,6.4,7.0,0.8,14.1,6.8,0.0,,0.0,9.1,,1.7,33.5,,,,,15.9,0.0,,0.0,3.5,,,21.2,19.7,,,33.0,12.1,0.0,,2.1,29.5,,2.5,80.0,40.8,3.9,0.7,45.4,10.0,3.4,1.9,22.4,,,,84.1,8.8,14.8,52.5,76.1,70.3,85.2,4.2,4.6,,,,251.8,,4.9,,,0.3,,,0.0,0.0,0.0,,8.4,1.1,,,4.4,7.5,,,8.5,,1.5,0.8,23.5,77.1,45.5,57.9,180.5,123.0,88.8,9.3,37.5,43.9,4.8,14.5,502.5
01/09/2007,9.6,6.6,1.1,17.4,7.3,,,,9.8,,1.8,38.0,,,,,11.8,0.0,,0.0,3.9,,,17.7,18.5,13.0,1.4,32.9,10.4,,,,34.8,,1.9,84.9,24.4,11.1,0.7,36.2,14.6,6.7,1.0,27.4,,,,87.2,10.6,16.4,61.2,88.2,76.5,104.5,3.5,6.6,,,11.3,293.3,,5.2,,7.6,,0.1,0.1,0.0,0.0,0.0,,9.0,1.7,,,,,,0.1,12.0,,1.9,2.9,33.4,65.2,56.9,66.8,189.0,129.6,112.8,7.2,50.0,50.1,5.0,19.6,563.4
01/12/2007,6.4,8.2,0.3,14.8,8.9,,,0.0,19.3,,,48.3,,,,,14.2,0.0,,0.0,6.7,,,25.3,27.1,,,41.1,12.3,0.2,,11.1,30.7,,3.7,99.9,25.5,5.7,0.7,31.9,16.4,,2.2,37.3,,,,93.5,9.0,19.7,79.5,108.2,85.8,94.0,3.7,6.4,,,12.4,313.8,,,2.0,,0.3,0.8,,0.0,0.0,0.0,1.8,7.0,1.5,4.1,1.3,6.9,8.7,,,14.9,,1.4,4.6,38.2,70.2,51.5,85.9,207.6,146.7,98.5,10.5,69.6,59.8,5.3,27.8,625.9
01/03/2008,8.2,7.5,0.6,16.4,9.5,,,0.0,21.1,,,52.3,,,,,16.6,,,0.0,,,,23.6,26.9,9.1,1.1,37.1,7.5,,,9.1,29.0,,1.7,86.3,18.6,9.7,0.7,28.9,15.9,6.1,1.2,26.2,,,,79.3,9.0,9.7,58.2,76.9,85.2,82.9,3.2,,,3.2,12.8,271.4,,1.6,,,0.9,,,,0.0,0.0,2.1,8.2,1.6,,,3.8,6.7,,,8.0,,1.2,2.0,22.9,64.8,39.0,64.0,167.8,142.4,91.9,8.9,49.2,54.1,6.1,23.5,544.0
01/06/2008,7.5,6.0,0.8,14.3,11.5,,,0.0,19.4,0.0,,51.3,0.3,,,,20.4,,,0.0,,,,27.1,34.0,,,44.2,17.8,,,13.9,47.2,,3.0,126.8,38.4,9.6,0.9,48.9,11.6,,1.8,27.1,,,,95.2,10.3,10.5,81.0,101.8,100.3,139.3,4.3,,,,23.7,381.2,0.8,,,4.2,,,0.0,,,0.0,,8.3,2.0,,,,,,,13.8,,1.1,5.5,38.2,93.3,39.1,86.5,219.0,173.9,146.6,10.4,62.7,70.8,5.3,39.4,728.1
01/09/2008,7.6,,,11.9,5.9,,,0.0,23.3,,4.1,49.2,,,,,14.9,,,0.0,,,2.2,22.4,28.4,,,40.8,13.6,,,10.9,40.2,,3.5,109.5,28.5,2.9,0.7,32.2,13.6,4.0,,22.4,,,0.7,75.0,11.0,13.1,90.3,114.4,75.9,153.2,2.7,,,1.3,27.9,383.8,0.8,1.9,,,0.4,,,,0.0,0.0,0.7,7.3,,1.5,,4.2,8.9,,,17.1,,,7.8,40.6,79.2,34.8,95.0,209.0,133.2,162.0,9.1,56.7,68.5,2.4,46.8,687.7
01/12/2008,3.8,2.7,0.3,6.9,6.3,,,,29.9,,4.2,49.6,,,,,14.4,,0.5,0.0,,,,19.5,19.0,3.4,2.7,25.1,10.3,,,7.9,45.3,,5.8,94.9,20.7,,,25.7,13.0,6.5,2.3,17.8,,,0.2,68.0,9.4,6.5,73.7,89.6,67.7,170.6,4.1,,4.5,,19.0,364.0,,0.9,,,1.7,1.8,,,,0.0,,7.0,1.2,1.5,0.7,3.4,7.1,,,19.4,,0.6,11.5,45.5,55.7,20.2,78.5,154.4,120.4,182.5,9.1,51.9,82.9,3.5,43.7,648.5
01/03/2009,1.7,3.4,0.1,5.2,3.3,,,0.0,28.4,,2.1,40.2,0.6,,,0.9,7.5,,,0.0,,,,10.3,10.8,1.8,0.6,13.3,7.9,,,,37.7,,4.9,68.6,7.6,,,15.2,6.0,2.5,,10.7,,,,36.0,4.4,3.0,39.4,46.9,56.6,100.1,3.1,5.6,,,10.1,224.2,,0.8,,1.4,0.4,,0.0,,,0.0,0.5,3.3,,,,1.6,3.9,,,6.9,,,5.6,20.9,25.8,17.6,41.2,84.5,85.6,105.6,5.4,27.7,69.2,2.0,23.3,403.5
01/06/2009,1.3,1.9,0.1,3.3,5.9,,,0.0,23.4,,2.6,36.3,,,,0.7,6.5,,,0.0,,0.0,,10.0,6.9,1.8,0.8,9.5,7.1,,,6.3,50.0,,5.4,78.6,5.1,,,5.9,9.6,1.2,,21.7,,,,41.8,3.3,2.0,43.3,48.6,62.5,134.8,3.1,9.9,,,14.2,274.8,,,,1.0,0.4,0.6,,0.0,,0.0,0.7,2.7,0.8,0.8,0.6,2.2,6.8,,,11.1,0.0,,16.7,39.2,18.0,7.9,45.2,71.1,98.8,138.6,7.0,48.9,76.7,2.1,40.3,483.5
01/09/2009,2.8,,,6.4,16.0,,,0.0,12.1,,2.8,38.7,0.6,,,0.8,11.6,,,0.0,,0.0,,15.0,14.6,,,17.5,11.9,,0.1,5.6,65.9,,2.9,103.8,8.5,0.3,0.2,9.0,8.3,2.3,,25.2,,,,48.2,7.9,4.4,46.1,58.4,70.7,134.2,3.8,10.6,,,20.1,298.9,0.2,,,1.0,0.8,,,0.0,0.0,0.0,1.2,3.5,2.4,1.2,1.3,4.9,14.1,,,12.5,,,10.2,49.2,37.0,12.3,48.6,97.9,133.4,140.5,9.5,53.9,82.1,2.7,37.4,557.4
01/12/2009,5.2,1.7,0.2,7.0,8.2,0.2,,0.0,9.8,,1.6,28.4,1.1,,,,18.3,0.0,,0.0,,0.0,0.3,24.0,17.7,,,20.7,14.3,,,,69.8,0.1,12.0,123.5,13.4,1.1,0.2,14.7,5.7,2.4,,11.8,,,0.2,37.6,14.3,3.7,48.0,66.0,87.0,131.2,,18.7,,0.1,15.3,321.7,0.0,,,,1.3,,0.0,,,0.0,1.1,4.4,2.3,,,4.5,10.8,,,12.1,,,9.3,39.1,54.0,10.4,51.3,115.8,145.5,136.5,6.5,49.1,84.7,1.0,39.7,578.8
01/03/2010,6.2,2.3,0.0,8.5,12.2,,,0.0,9.0,,1.6,32.6,,,,,17.5,,,0.0,5.1,0.0,,24.2,13.8,,,14.7,8.3,,0.1,,45.1,,8.2,80.6,17.1,,,18.9,2.5,4.7,,5.6,0.6,,,34.0,8.3,6.2,46.3,60.8,81.8,89.4,,8.6,0.5,,13.7,257.1,,,0.2,,1.1,1.2,0.0,,,0.0,1.9,5.7,0.8,0.9,0.4,2.1,7.3,,,5.5,,,6.6,25.0,47.0,13.0,47.6,107.5,130.8,96.3,,23.7,60.4,,32.5,459.3
01/06/2010,4.0,,,6.8,12.5,,,0.0,8.7,,1.6,30.7,,,,1.8,15.8,,,0.0,,0.0,,20.2,17.8,,,19.9,11.3,,0.0,,81.8,,9.4,128.7,23.0,1.6,0.4,25.0,2.4,6.7,2.6,10.1,,,,48.1,15.4,7.2,54.3,76.9,109.0,142.3,3.1,17.5,,,16.2,366.3,0.4,,,1.6,2.5,0.9,0.0,,,0.0,2.1,7.1,,1.6,,4.0,12.2,,,8.5,,,7.3,36.1,63.7,15.9,56.4,135.9,165.7,150.8,,42.4,94.0,,37.5,637.1
01/09/2010,5.3,,,7.9,12.0,,,0.0,8.7,,1.9,31.5,0.3,,,0.5,11.1,,,0.0,,0.0,,12.4,22.4,,,27.5,12.1,,,,74.8,,7.7,129.8,18.6,,,20.2,,7.0,,13.4,0.7,,1.0,47.4,19.2,7.2,67.4,93.8,105.3,136.2,2.1,26.8,,,18.8,384.6,0.6,,,2.0,,0.6,0.0,,,0.0,,8.0,2.5,,,5.3,15.4,6.4,,12.3,,,15.0,55.8,68.9,19.0,69.3,157.2,160.3,152.0,,58.6,85.1,,48.4,669.4
01/12/2010,7.8,,,11.0,12.1,,,,11.0,,2.1,36.9,,,,,9.1,,,0.0,,0.0,,12.5,21.9,,,26.3,13.0,,,,107.2,,9.9,161.8,23.6,1.2,0.1,24.9,,9.8,,17.5,,,,59.5,22.9,7.7,59.8,90.4,116.0,134.5,2.4,31.1,,,16.7,393.7,,1.2,,,,,0.0,0.0,,0.0,4.4,10.2,3.9,,,5.5,12.0,8.5,,12.1,,,10.0,49.8,81.8,18.7,62.4,162.8,167.3,154.2,,65.3,122.3,,44.2,724.4
01/03/2011,7.0,,,12.0,8.3,,,,16.6,,1.3,39.0,,,,,8.4,0.0,,0.0,,0.0,,13.1,20.3,,,23.7,6.7,,,,90.1,,5.5,129.1,25.1,2.2,0.6,27.9,1.7,13.9,,9.3,,,,62.6,15.6,5.4,65.1,86.0,108.9,124.4,2.6,22.6,,,16.2,362.2,,,0.5,,2.3,1.0,0.0,0.0,,0.0,,9.4,1.0,1.0,0.2,2.2,10.0,4.5,,8.7,,,7.3,34.7,70.9,18.0,67.6,156.5,146.4,144.1,6.2,43.4,109.6,0.6,43.4,650.1
01/06/2011,7.4,,,14.8,10.9,,,0.0,15.5,,2.9,45.8,,,,,11.9,,,0.0,0.3,0.0,0.6,19.4,31.5,,,33.6,12.6,,,4.1,184.4,,7.3,242.8,34.1,,,37.2,2.7,17.3,,13.5,,,11.4,85.2,21.0,5.1,68.8,94.9,122.3,189.9,3.7,20.2,,,17.1,449.6,,1.0,,,1.9,,0.0,0.0,,0.0,5.0,9.6,4.5,,,5.7,15.9,5.0,,8.8,,,16.2,55.0,101.5,19.8,71.6,192.9,178.2,214.7,,46.6,202.7,,60.3,907.4
01/09/2011,9.6,9.6,0.2,19.3,10.2,,,0.0,28.4,,,63.6,,,,,8.6,,,0.0,0.3,0.0,,19.4,39.9,,,41.6,12.9,,,,194.3,,9.4,263.0,29.6,,,32.1,,14.3,,11.8,,,,74.7,20.8,5.0,71.5,97.3,126.7,208.8,2.8,25.9,,,18.1,481.6,,,0.3,,,0.5,0.0,,0.0,0.0,5.6,9.6,6.0,,,7.8,23.1,8.3,,12.1,,,15.0,71.6,108.9,22.0,73.6,204.5,184.2,234.7,,54.0,227.4,,62.7,983.4
01/12/2011,,8.9,,16.4,10.9,,,0.0,29.6,,,63.4,,,,,5.5,,,0.0,0.2,0.0,,13.1,39.6,,,42.6,14.3,,,3.6,185.0,,9.9,256.6,41.1,2.1,0.6,43.8,1.5,18.0,,10.3,,,,90.3,20.4,3.8,46.6,70.8,141.1,279.3,2.6,21.3,,,14.7,531.9,,1.2,,,1.9,,,0.0,0.0,0.0,5.3,10.1,3.4,,,6.6,24.8,12.2,,10.5,,,9.1,67.1,114.6,22.9,49.3,186.8,200.0,311.8,11.0,45.6,217.7,2.2,57.2,1032.4
01/03/2012,,8.4,,15.6,,0.7,,0.0,27.2,,3.3,58.8,,,,,4.9,,,0.0,,0.0,,13.2,32.8,1.2,0.7,34.7,,0.2,,2.1,148.6,,5.2,199.1,32.3,,,35.8,1.8,19.2,,6.2,,,,73.4,22.1,5.2,62.2,89.5,128.4,240.4,3.1,17.7,,,10.4,490.1,,,,,,2.5,0.0,0.0,0.0,0.0,4.5,10.0,1.6,,,2.1,13.8,,,3.3,,,5.8,31.6,98.7,21.2,64.1,184.0,168.8,267.9,9.3,29.3,177.5,1.1,38.2,876.1
01/06/2012,,7.4,,15.6,15.2,,,,18.6,,4.8,56.4,,,,,6.7,,,0.0,,0.0,1.9,12.8,35.6,2.1,0.4,38.1,,0.1,,,190.4,,6.5,248.8,43.1,,,47.9,,26.7,,4.8,,,2.4,90.0,28.8,5.4,76.6,110.8,161.2,297.4,4.2,13.4,,,14.4,603.2,,0.6,,,,,0.0,0.0,0.0,0.0,5.4,9.7,2.7,,,3.8,15.9,10.4,,3.1,,0.0,5.8,40.1,120.4,21.4,78.4,220.2,215.0,336.2,,24.7,211.7,,41.1,1061.1
01/09/2012,,7.9,,14.3,9.7,,,,21.2,,,49.2,,,0.0,,4.7,,,0.0,0.2,0.0,,10.2,33.1,,,35.9,16.8,0.1,,,147.2,0.1,4.4,207.0,34.9,,,39.5,,20.2,,5.6,,,10.0,81.4,22.2,4.9,42.3,69.4,140.3,248.7,,12.0,1.1,,12.4,488.6,,0.4,,,,1.8,,0.0,0.0,0.0,5.7,10.9,3.5,,,4.7,19.7,,,3.4,,,9.3,47.4,102.5,21.1,43.9,167.5,194.4,280.5,10.9,23.5,170.6,1.4,45.9,894.7
01/12/2012,,6.4,,13.3,5.5,0.3,,,20.2,,5.7,45.4,,,0.0,,5.1,,,0.0,0.2,0.0,0.7,7.9,25.6,,,29.8,26.3,0.1,,3.9,124.5,,4.1,189.5,35.3,,,39.7,2.6,13.6,,,,,3.4,66.8,20.2,3.9,47.3,71.4,111.0,254.3,,11.2,,,14.6,470.7,,0.4,,,1.2,2.5,,0.0,0.0,0.0,4.4,10.1,2.7,1.5,0.0,4.2,11.0,,,2.5,,,6.6,33.5,92.1,19.6,49.3,161.0,162.7,278.4,11.0,20.8,149.2,1.6,39.2,823.9
01/03/2013,,8.0,,14.7,8.8,,,,16.1,,4.0,44.7,,,0.0,,5.2,,1.3,0.0,0.1,0.0,1.6,10.9,18.2,2.4,0.3,20.9,15.7,0.0,,,83.4,,2.5,125.6,14.3,,,18.0,,8.8,,1.8,,,2.5,37.6,17.5,3.4,29.9,50.8,111.9,232.5,,6.6,4.1,,13.6,421.8,,0.1,,,,2.4,,0.0,,0.0,4.2,9.8,1.9,,,2.8,7.1,2.5,,1.7,,,5.0,21.8,61.0,18.5,31.0,110.5,154.7,248.2,7.2,12.4,104.5,1.6,33.2,672.2
01/06/2013,7.3,,,12.6,12.8,,,,17.3,,,48.0,,,,1.2,4.5,,0.9,0.0,,0.0,,9.5,14.2,,,18.2,15.8,,,,98.7,0.5,4.7,141.6,21.8,,,28.4,,5.3,,2.9,,,1.8,44.6,16.7,4.4,37.8,58.9,103.4,186.3,3.0,5.3,,,23.4,382.3,,,,2.7,,,0.0,0.0,,0.0,3.7,9.6,1.5,,,2.7,8.6,8.8,,2.4,,,3.6,29.0,63.7,20.6,40.3,124.7,150.0,204.2,8.7,12.8,119.7,1.7,42.9,664.6
01/09/2013,3.8,,,7.5,6.3,,,,18.2,,2.9,35.9,,,,,4.0,,0.6,0.0,0.1,0.0,1.5,7.8,15.3,,,16.6,17.4,,,3.3,89.3,,3.9,130.9,10.8,,,15.5,,2.4,,,,,2.2,26.4,21.5,3.2,36.7,61.5,96.3,206.1,4.3,6.8,,,19.9,395.8,,,0.0,,,,0.0,0.0,,0.0,3.1,9.3,,,0.0,1.7,6.1,,0.1,3.8,,,6.8,32.3,54.6,13.1,37.8,105.5,132.2,222.2,,16.1,109.6,,40.1,638.4
01/12/2013,4.3,,,6.9,7.6,,,,13.3,,6.0,34.4,,0.0,,,4.6,,0.3,0.0,,0.0,1.5,8.1,8.0,,,10.0,19.1,0.0,,2.2,86.5,,3.3,121.5,11.0,2.6,0.9,14.5,,,,,,,2.1,36.1,16.9,4.3,17.9,39.2,76.2,158.9,5.6,5.4,,,17.6,308.3,,,,,,1.4,0.0,0.0,,0.0,4.2,8.8,1.3,,,2.3,6.3,7.6,,2.2,,,8.5,30.2,43.5,12.3,19.2,75.0,116.5,184.2,8.1,11.0,106.4,3.1,43.0,547.4
01/03/2014,7.4,,,10.7,6.6,,,0.0,18.4,,3.7,40.7,,,,0.4,2.3,,,0.0,,0.0,1.6,7.9,5.1,,,6.9,9.4,,,0.9,80.9,,1.6,100.2,15.4,,,17.6,,2.2,,0.6,,,2.7,24.8,6.6,2.9,15.5,25.0,56.2,102.1,3.7,3.7,,,13.4,206.2,,,,1.1,,1.1,0.0,0.0,,0.0,2.4,6.4,0.4,,,1.3,5.0,,,1.1,0.0,,5.1,21.4,36.2,10.1,16.8,63.0,81.7,115.2,6.5,6.4,101.8,2.5,30.5,407.6
01/06/2014,4.9,,,7.6,5.1,,,,10.2,,4.3,27.9,,,,0.4,4.1,,,0.0,,0.0,2.0,8.8,8.3,,,10.3,15.0,0.1,,,67.6,,3.5,98.8,14.7,1.3,0.5,16.6,,7.9,,0.8,,,2.4,29.1,13.3,3.5,24.8,41.6,66.6,167.3,2.8,6.7,,,22.4,309.7,,,,0.5,,0.9,0.0,0.0,,0.0,1.7,5.6,0.6,,,1.4,10.3,12.1,,1.5,,,6.8,34.5,42.5,10.3,25.6,78.4,103.9,189.0,6.5,10.4,80.9,2.7,42.8,515.0
01/09/2014,5.2,,,8.2,7.9,,,0.0,16.8,,1.5,34.6,,,,0.2,1.9,,,0.0,,0.0,2.0,5.6,11.3,,,14.4,7.6,0.0,,0.9,61.3,,2.3,87.6,12.1,1.4,0.4,14.0,,5.4,,1.2,,,2.0,25.3,13.6,3.9,23.8,41.2,61.9,130.3,6.3,4.7,0.6,1.0,21.1,267.1,,,,0.9,,2.4,0.0,0.0,,0.0,3.3,7.5,,,,2.7,9.7,,,3.0,,,6.4,27.3,44.2,13.1,24.3,81.7,90.0,142.9,10.7,9.9,80.3,1.8,38.0,457.7
01/12/2014,,5.7,,12.5,6.9,,,0.0,9.8,,2.8,32.4,,,,0.2,3.0,,,,,0.0,1.2,5.1,11.7,,,14.7,18.1,0.1,,1.0,65.2,,3.4,102.9,10.6,2.0,0.9,13.4,1.6,,,,,,1.6,27.5,9.6,4.9,21.0,35.5,64.0,131.5,2.0,9.0,,,17.9,262.3,,,0.0,1.3,0.4,,0.0,0.0,,0.0,1.7,4.2,1.5,,,2.6,7.9,,0.2,2.4,,,7.2,24.8,40.8,16.9,22.5,80.1,101.7,145.1,4.4,12.8,78.0,1.5,35.6,459.2
01/03/2015,6.2,,,9.9,4.7,0.0,,0.0,9.9,,3.9,29.7,,,0.0,0.1,,,1.2,0.0,,0.0,0.8,5.8,8.4,,,9.6,8.0,0.0,,0.6,32.6,,1.7,52.9,10.4,0.9,0.7,12.0,1.8,5.2,,0.3,,,2.0,22.2,4.6,2.2,18.1,24.9,67.4,70.0,3.0,5.9,,,11.2,183.2,,,0.0,1.4,,,0.0,0.0,0.0,0.0,1.6,4.4,0.7,,,1.3,5.8,,,0.7,,,5.0,19.4,31.3,8.7,19.2,59.2,91.6,82.5,6.2,7.5,43.4,0.9,26.0,317.7
01/06/2015,6.1,,,10.2,4.0,,,0.0,8.4,,1.7,25.4,,,0.0,,,,1.2,0.0,,0.0,0.7,6.4,10.5,,,12.9,9.6,0.0,,0.9,40.8,,3.2,67.9,4.0,1.4,0.7,6.1,1.1,0.9,,0.8,,,2.1,11.7,5.7,4.3,15.6,25.6,81.0,74.4,2.8,6.8,,,13.6,204.8,,,0.0,,,,0.0,0.0,0.0,0.0,1.3,3.8,,,,2.1,12.0,,,1.9,,,7.0,24.2,28.1,13.2,16.7,58.0,112.4,77.2,5.8,10.4,50.1,1.2,29.5,344.1
01/09/2015,6.5,,,10.2,5.1,,,0.0,11.1,,1.5,29.4,,,0.0,,,,,0.0,,0.0,0.9,6.4,11.0,5.6,0.1,16.6,11.9,,,0.7,43.8,,3.4,76.6,2.6,1.6,0.5,4.7,0.8,,0.5,0.6,0.0,,1.6,11.0,8.4,3.3,13.9,25.6,94.8,79.1,3.5,8.5,,,20.1,233.1,,,0.0,,,,0.0,0.0,0.0,0.0,2.8,3.9,1.3,,,3.0,16.9,,,5.6,,,6.6,33.4,30.2,16.4,14.7,61.4,133.7,82.2,6.6,15.4,56.3,1.6,36.6,394.0
01/12/2015,6.1,,,10.0,3.9,,,0.0,,,1.2,34.3,,,0.0,,,,,0.0,,0.0,1.2,8.2,10.6,,,13.1,12.5,,0.3,0.3,43.5,,3.8,73.9,4.4,1.5,0.8,6.7,2.1,,,0.8,0.0,,0.7,13.0,9.0,3.2,13.5,25.7,95.6,71.8,2.9,8.4,,,15.4,222.6,,0.2,0.0,,,0.2,0.0,0.0,0.0,0.0,1.6,2.3,1.1,,,2.2,17.6,,,1.2,0.0,,6.2,27.5,31.4,12.3,14.6,58.2,138.2,74.5,5.3,10.7,63.4,1.5,29.5,382.8
01/03/2016,12.8,,,15.2,4.0,,,0.0,7.1,,1.1,28.7,,,0.0,,,,,0.0,,0.0,0.6,6.2,6.5,,,9.1,9.7,,0.0,,15.1,0.0,2.8,37.1,3.0,0.6,0.3,3.9,0.8,,,,0.0,,0.5,7.7,13.7,2.1,10.2,26.0,84.9,55.2,1.7,6.8,,,11.2,187.1,,0.2,0.0,,,,0.0,0.0,,0.0,1.4,3.8,0.5,,,1.8,13.9,,,0.3,0.0,,3.3,19.4,36.6,9.2,10.7,56.6,119.3,57.7,4.1,7.9,23.4,0.3,20.5,290.4
01/06/2016,4.9,4.6,0.0,9.5,7.2,,,,12.2,,0.6,31.1,,0.0,0.0,,5.6,,0.8,0.0,,0.0,0.8,8.1,8.3,,,11.8,12.9,,,,16.7,0.0,2.3,43.8,8.0,0.6,0.6,9.3,,,,,,0.0,0.8,18.9,10.3,2.5,9.2,22.0,110.6,74.2,1.9,2.3,,,15.3,228.2,,,0.0,,,,0.0,0.0,0.0,,1.6,3.4,0.3,,,1.8,13.1,,,0.5,,,4.9,20.5,32.2,12.0,10.6,54.8,156.9,76.8,4.0,4.3,30.3,0.9,26.0,353.9
01/09/2016,5.0,3.2,0.1,8.2,10.9,,,,10.9,,,31.9,,0.0,0.0,,6.5,,1.1,0.0,,0.0,,7.9,10.5,,,15.0,12.1,,0.0,,24.2,0.0,3.5,55.1,5.1,0.7,0.6,6.4,,1.4,,,,,0.7,10.4,12.8,2.9,10.5,26.3,117.8,77.8,3.7,1.4,,,20.6,248.8,,,0.0,,,,,0.0,0.0,0.0,1.9,3.2,1.1,,,2.8,9.4,,,2.7,,0.0,6.2,22.1,34.8,11.9,12.3,59.0,159.1,79.8,6.2,4.9,37.2,0.2,33.0,379.5
01/12/2016,8.0,2.6,0.2,10.8,11.4,,,,5.6,,0.8,30.7,,,0.0,,6.7,,1.0,0.0,,0.0,0.3,8.1,9.1,3.3,0.1,12.6,16.7,,0.0,,27.4,,3.2,59.9,3.5,1.6,0.4,5.5,,1.8,,0.5,,,1.3,12.4,10.6,2.9,17.0,30.5,132.6,71.4,2.2,5.0,,,21.8,263.5,,,,,,,0.0,0.0,,0.0,0.9,3.1,0.3,2.7,0.0,3.1,10.4,,,0.5,,0.0,9.4,23.6,32.1,13.4,17.9,63.4,182.3,73.7,5.1,6.3,33.3,0.5,36.8,403.1
01/03/2017,10.1,,,13.0,11.6,,,,9.4,,1.2,36.7,,,0.0,,9.6,,,0.0,,0.0,0.4,11.0,4.8,,,7.6,9.1,,,0.7,13.8,,3.2,34.5,3.6,0.6,0.4,4.7,,1.8,,,0.0,,2.0,11.9,7.4,1.7,17.5,26.7,117.2,51.2,3.4,1.8,,,24.3,225.0,,0.2,,,,,0.0,0.0,,,1.8,3.4,0.1,,,1.4,5.4,,,,,,4.6,11.9,26.7,7.7,20.0,54.4,155.2,53.5,5.0,5.1,23.9,0.4,37.1,337.6
01/06/2017,10.6,,,23.5,12.4,0.0,,,7.5,,,45.3,,,0.0,,11.8,,,0.0,0.0,0.0,,13.7,13.8,8.2,0.4,22.4,13.1,,,,18.1,0.0,3.6,57.6,5.0,,,6.5,,,,,,,1.4,12.9,10.9,2.9,22.4,36.2,141.9,81.2,1.9,4.1,,,25.4,291.0,,,0.0,,,,0.0,0.0,,,1.5,3.4,,3.5,,4.8,10.3,,,0.4,0.0,,5.1,20.8,42.2,21.6,30.4,94.1,192.6,84.3,3.8,5.2,26.0,0.6,38.3,444.9
01/09/2017,8.5,,,25.6,8.6,,,,5.6,,0.6,42.1,,,0.0,,14.4,,1.3,0.0,,0.0,0.8,16.7,15.3,10.8,0.6,26.7,16.3,,,0.6,28.5,0.0,4.3,76.5,3.7,0.4,0.5,4.6,,1.5,,,,,1.5,10.6,14.5,2.9,25.7,43.0,137.0,81.5,3.2,5.1,0.8,0.7,23.1,294.2,,,0.0,,,,0.0,0.0,,0.0,1.8,7.0,,5.4,,7.7,13.1,,,0.7,,,6.2,28.0,44.5,27.6,39.7,111.7,192.9,83.8,6.0,6.6,35.1,1.0,38.0,475.2
01/12/2017,9.9,,,35.2,8.8,,,,8.7,,,57.6,,,0.0,,9.5,,,0.0,,0.0,,14.1,12.8,7.3,0.5,20.6,19.9,,,,29.6,0.0,5.9,76.4,2.9,,,4.4,,1.9,,0.7,,,1.6,10.8,13.6,6.5,28.7,48.9,154.3,66.3,1.7,0.4,0.2,2.5,24.5,298.5,,,0.0,,,,,,,0.0,1.9,7.4,,4.2,,7.0,13.1,0.1,,1.1,0.0,,8.3,30.5,42.4,29.3,48.9,120.6,208.9,68.9,6.0,2.9,39.0,3.5,45.5,496.1
01/03/2018,13.0,,,35.3,8.9,,,,,,3.6,61.0,,,0.0,,13.3,,,0.0,0.0,0.0,2.3,18.4,12.0,,,17.4,12.5,,0.0,,22.8,0.0,3.9,56.8,6.7,,,8.5,,,,1.1,0.0,,1.5,14.1,11.3,3.7,27.6,42.5,137.8,47.5,2.5,,,,28.8,261.0,,,0.0,,,,0.0,0.0,,0.0,1.5,4.7,,,,4.6,12.7,,0.0,,0.0,,3.7,22.5,46.2,18.6,46.0,110.8,187.4,50.1,6.2,1.9,36.4,2.0,43.8,438.7
01/06/2018,14.9,,,44.4,8.8,,,0.0,,,,68.5,,,0.0,,17.8,,5.0,0.0,0.0,0.0,,24.5,13.7,,,23.3,13.0,,,0.3,29.7,0.0,4.0,70.3,11.5,,,13.6,,,,0.7,0.0,,1.2,19.7,16.4,6.3,39.3,61.9,162.4,86.1,,0.2,,1.7,33.9,349.8,,,0.0,,,,0.0,0.0,0.0,0.0,1.8,6.7,,,,,15.8,,,0.4,0.0,,6.3,28.3,59.8,27.8,65.5,153.1,220.9,89.0,8.9,1.6,43.6,1.9,48.8,567.8
01/09/2018,13.7,4.3,12.3,30.3,14.7,,,0.0,8.8,,0.6,56.7,,,0.0,,17.0,,,0.0,0.0,0.0,0.3,22.4,18.4,7.2,5.0,30.6,17.4,,0.0,,33.1,,4.5,86.1,11.0,,,12.7,,,,,,,1.3,20.4,27.1,6.3,27.8,61.2,174.0,84.6,,,,3.2,33.8,361.0,,,,,,,0.0,0.0,0.0,0.0,2.8,5.3,,6.2,,9.7,14.0,,0.0,1.1,0.0,,7.7,32.5,73.2,26.0,47.0,146.2,239.7,86.3,10.0,5.2,43.6,3.3,50.9,584.4
01/12/2018,13.5,7.4,14.8,35.7,13.7,,,0.0,,,2.4,61.2,,,,,22.9,,,0.0,0.0,0.0,0.5,28.3,17.9,,,26.8,17.9,,,,42.6,0.0,3.0,90.3,10.0,,,13.4,,3.3,,1.4,,,1.6,21.9,35.1,5.8,29.1,70.1,167.3,71.3,2.2,0.4,,,32.4,346.3,,,,,,,0.0,,0.0,0.0,1.2,4.8,,5.4,,9.8,18.4,,0.0,1.4,0.0,,10.1,39.9,81.6,26.0,50.2,157.9,244.1,75.5,9.4,3.6,50.0,2.2,49.9,592.7
01/03/2019,9.1,,,35.1,13.8,,,0.0,,,0.7,61.8,,,,,20.9,,,0.0,0.0,0.0,0.5,24.4,9.5,2.2,1.9,13.6,11.7,,,,24.6,0.0,1.6,51.7,6.8,,,8.3,,3.0,,1.7,0.0,0.0,1.3,16.5,34.3,4.5,25.7,64.4,158.5,64.0,1.9,,,,27.9,319.5,0.3,0.3,,,,,0.0,0.0,0.0,0.0,0.6,3.7,,,,5.1,14.0,,,0.4,,,7.5,27.0,65.0,14.8,48.3,128.1,223.0,67.4,6.8,2.3,36.0,1.2,39.7,505.7
01/06/2019,10.1,,,34.3,21.5,,,0.0,13.5,,0.8,72.6,,,,,21.5,0.0,,0.0,0.0,0.0,0.7,27.2,13.6,,,23.5,21.0,,,,38.1,0.0,2.7,85.3,16.1,,,17.8,,2.2,,2.3,0.0,,1.9,26.6,61.3,7.5,34.2,102.9,175.7,91.5,2.8,,,2.3,39.0,415.1,,0.4,,,,,0.0,0.0,0.0,0.0,2.8,5.6,,,,7.9,16.9,,,0.4,,,6.4,32.5,109.0,22.4,57.2,188.6,259.8,94.8,9.5,3.1,52.5,2.7,53.9,664.8
01/09/2019,10.8,,,34.8,26.1,,,0.0,,,0.7,72.5,,,,,22.6,0.0,,0.0,0.0,0.0,0.1,26.5,20.4,,,33.3,17.2,,0.0,0.4,54.9,0.0,1.9,107.6,10.4,,,11.4,,2.2,,1.4,,0.0,1.6,18.6,70.4,7.0,42.8,120.2,193.0,100.0,1.4,,,,43.2,459.7,,,0.0,,,,0.0,,0.0,0.0,2.4,3.4,,,0.1,8.3,20.2,0.0,,0.5,,,7.3,36.4,117.1,27.3,64.4,208.7,281.3,102.8,7.5,2.5,63.2,2.1,56.9,724.8
01/12/2019,12.5,,,31.7,33.1,,,0.0,19.4,,1.5,89.5,,,0.0,,28.3,0.0,,0.0,0.0,0.0,,34.7,22.7,5.1,1.6,29.5,20.0,,,,57.2,,2.5,109.4,16.0,,,17.7,,,,1.6,,,1.3,25.4,67.9,3.7,42.9,114.6,199.9,81.0,2.3,,,1.6,53.9,453.9,0.5,,0.0,,,,0.0,0.0,0.0,0.0,,3.3,,,,4.2,19.5,,,0.4,,,12.2,36.8,123.8,16.0,59.8,199.5,303.9,84.6,10.9,2.3,77.6,1.8,72.5,753.1
01/03/2020,13.4,,,20.4,27.3,,,0.0,25.0,,0.9,77.2,,,0.0,2.6,29.1,0.0,,0.0,0.0,0.0,0.2,35.6,12.3,,,15.4,14.7,,,,49.3,0.0,1.6,81.2,15.0,0.3,0.8,16.1,,1.9,,0.7,,0.0,1.2,21.7,50.9,1.8,29.5,82.2,183.3,72.3,1.7,,,,26.7,367.1,,,,0.4,,,0.0,0.0,,0.0,1.1,2.3,,0.9,,2.3,15.7,,0.0,0.3,,,6.9,25.4,95.9,6.8,36.8,139.5,272.3,75.2,8.8,1.1,75.1,0.5,38.0,610.6
01/06/2020,12.6,,,19.7,28.9,,,0.0,26.0,,0.8,80.0,,,,,31.8,0.0,,0.0,,0.0,,39.7,17.3,2.8,2.0,22.1,20.1,0.0,,,61.0,0.0,1.4,105.2,12.6,,,14.2,,,,1.0,,,,19.6,34.7,1.9,33.9,70.5,209.4,96.1,1.4,,,,34.0,412.4,,,,0.4,,,0.0,0.0,0.0,0.0,0.7,2.0,,0.4,,,12.2,,0.0,0.1,,0.0,9.0,24.4,83.3,8.4,41.7,133.5,304.4,98.7,10.0,1.6,87.2,0.5,47.4,683.3
01/09/2020,12.1,,,19.6,23.6,0.0,,0.0,15.5,,1.5,62.9,,,0.0,,26.5,0.0,,0.0,0.0,0.0,,34.6,21.0,,,26.5,27.5,,,,56.9,0.0,3.7,115.0,9.4,,,11.4,,1.8,,1.2,,0.0,1.7,17.5,26.2,4.3,42.2,72.7,259.7,108.8,3.1,,,,37.3,483.3,,,,0.3,,,,,,0.0,,3.3,,0.5,0.0,,16.1,,,0.2,,0.0,9.5,28.2,75.8,13.1,48.9,137.8,356.1,111.0,9.2,1.8,73.1,1.2,54.5,744.9
01/12/2020,15.3,,,25.4,28.0,,2.2,0.0,11.1,,1.2,68.3,,,0.0,,37.2,0.0,,0.0,,0.0,,43.1,23.8,5.0,2.3,31.1,28.5,,0.1,,44.2,0.0,2.5,106.6,8.8,,,12.5,,3.2,0.4,1.7,,,2.2,21.4,24.3,7.9,47.1,79.4,269.2,105.9,3.7,,,,34.9,494.7,,,,0.6,,0.3,0.0,,,0.0,,3.2,,0.5,,,18.6,,,0.2,0.0,0.0,10.6,32.8,78.7,23.1,54.0,155.7,383.5,110.2,8.5,2.2,56.2,0.8,52.9,770.0
01/03/2021,16.7,,,22.8,28.7,,,0.0,9.8,,1.7,65.7,,,0.0,,43.9,0.0,,0.0,0.0,0.0,,51.5,15.3,3.3,2.2,20.8,20.9,0.0,0.1,0.1,38.1,0.0,3.8,83.7,11.6,,,13.6,,,,1.1,,0.0,3.1,22.5,51.7,4.1,40.7,96.4,246.9,96.4,4.6,0.3,,,32.6,480.2,,,,0.2,,,0.0,0.0,0.0,0.0,,4.3,,0.6,,,17.3,,,0.2,0.0,0.0,6.4,26.9,102.8,13.4,45.7,161.8,360.2,101.2,9.8,1.8,50.8,0.5,48.9,734.8
01/06/2021,22.2,,,30.8,34.4,,,0.0,14.3,,2.2,84.4,,,0.0,,45.7,0.0,,0.0,0.0,,,55.7,26.8,3.1,1.9,31.8,26.1,,,,39.0,0.0,6.8,104.4,14.3,,,16.1,,5.7,0.1,3.1,,,3.0,30.4,45.3,4.7,55.2,105.2,295.7,143.9,2.3,,,,43.6,593.9,,,,0.4,,,0.0,,0.0,0.0,,3.0,,0.6,,,24.5,,,0.4,0.0,0.0,9.8,40.4,119.6,15.0,61.3,195.8,429.8,150.8,9.3,3.9,54.9,1.5,66.1,912.0
01/09/2021,22.3,,,29.1,28.6,0.0,,0.0,11.1,,2.2,74.7,,,0.0,,40.1,,,0.0,0.0,0.0,,48.9,33.6,5.1,2.7,41.4,28.1,,,,55.1,0.0,6.4,133.3,9.9,,,12.0,,3.7,,,,,,22.5,80.5,7.0,56.6,144.2,297.1,168.3,1.9,,,,56.7,670.5,,,,,,,0.0,,0.0,0.0,,6.6,,1.0,,8.1,18.3,,,,0.0,,13.5,41.0,155.3,20.0,61.5,236.8,417.9,174.6,13.2,3.4,66.5,2.2,83.0,997.6
01/12/2021,19.4,,,28.4,27.4,,,0.0,9.4,,2.6,74.8,,,0.0,10.8,43.4,,7.6,0.0,0.0,0.0,,62.4,40.2,,,46.7,21.4,,0.2,,44.5,0.0,10.2,123.7,14.4,2.2,0.8,17.3,2.2,5.9,,,,,3.8,31.3,79.1,9.9,62.2,151.3,276.4,118.5,2.0,0.6,,,57.3,606.8,,,,0.9,2.0,,0.0,0.0,,0.0,,7.0,7.9,,,9.6,18.1,,,,0.0,0.0,16.9,45.6,172.5,24.3,68.2,265.0,390.8,130.8,13.3,3.2,54.0,1.4,93.2,951.7
01/03/2022,18.5,3.9,5.1,27.4,29.9,,,0.0,10.3,,2.0,82.7,5.0,,,5.1,43.4,,5.4,0.0,0.0,0.0,,54.6,33.1,9.8,4.8,47.7,20.9,,0.1,,32.7,0.0,16.8,118.5,15.4,,,17.2,,,,3.2,,,,32.2,43.9,5.1,53.7,102.7,253.0,123.0,1.2,,,,46.2,526.5,0.4,,,0.6,,0.4,0.0,0.0,,0.0,2.2,6.5,6.0,,,7.2,11.6,,,0.2,,0.0,14.9,34.4,122.3,21.2,64.5,207.9,363.6,139.5,10.6,3.7,43.3,0.7,86.1,855.3
01/06/2022,18.4,,,30.1,28.4,,,0.0,22.0,,2.0,94.8,,,,2.8,39.2,,,0.0,0.0,0.0,1.3,56.4,40.9,10.8,4.2,55.9,26.9,,0.2,,39.6,,5.7,129.1,14.2,,,16.1,2.6,,,4.2,,0.0,5.0,38.3,50.4,6.3,69.5,126.1,300.6,181.8,2.0,0.5,,,62.9,674.8,,,,2.2,3.9,,0.0,0.0,,0.0,5.3,12.7,6.0,,,8.0,20.2,,,,0.0,,21.3,51.0,134.6,25.1,81.5,241.2,421.7,201.0,21.2,6.4,61.7,0.9,103.0,1057.3
01/09/2022,22.4,6.6,5.4,34.3,22.7,,,0.0,17.1,,3.2,86.5,,,,3.0,30.5,,,0.0,0.0,0.0,1.7,47.3,51.5,10.7,3.6,65.8,21.7,,,,47.3,0.0,17.1,153.9,22.8,,,23.7,1.9,8.0,,4.8,,0.0,5.6,44.1,59.4,7.7,69.6,136.7,286.0,182.4,1.8,0.2,,,91.8,700.5,,,,2.0,2.1,,0.0,0.0,,0.0,3.6,9.8,,,,9.1,15.6,,,5.3,0.0,0.0,26.7,57.1,165.9,29.6,79.2,274.6,380.5,200.0,18.6,,64.8,,148.5,1099.3
01/12/2022,20.3,,,34.1,19.5,,,0.0,22.3,,2.1,87.0,,,0.0,3.8,29.5,,,0.0,0.0,0.0,1.9,43.0,42.1,12.2,3.1,57.4,23.5,,,,48.0,0.0,21.1,151.7,28.2,1.5,0.5,30.3,,5.9,,5.8,,0.0,5.9,50.6,41.6,7.0,74.1,122.7,263.4,161.6,1.6,,,,91.7,643.0,,0.1,,1.2,,,0.0,,,0.0,4.3,11.6,12.8,,,15.4,15.9,,,4.4,0.0,0.0,19.8,56.1,149.8,27.3,88.0,265.0,358.6,174.9,16.4,11.6,70.3,1.3,145.0,1043.0
